887.8929476266503,881.6940052325878,1277939.03876738,0
838.8542680258533,346.4763166518064,919388.0305782128,0
743.4580008130829,315.2418652933112,764682.0703334999,0
657.698166755375,267.012806812579,533290.2790644837,0
600.0881099963672,215.31789345314914,410784.34477121424,0
574.0471221998187,173.83166470055147,358282.55841498263,0
567.4638288493347,143.29207964148048,350876.545138827,0
574.6914690613067,121.22001292108386,346406.7549613094,0
588.2997364771073,103.60217354974246,343984.86023782456,0
603.9452880246955,90.47548875090028,342435.14780442504,0
619.1900463610602,80.44595787047918,341621.84202209266,0
632.0663966075997,73.27814232097269,341217.66402088356,0
641.9665904388593,68.88494830754823,341016.1447077978,0
648.374300571067,66.61461758082349,340899.22538147646,0
651.8704746375598,65.64938013032345,340841.26552779565,0
653.142760733095,65.70115358899658,340800.1166802567,0
652.8494127841582,66.07673801037748,340781.1532765433,0
651.0904374907306,67.05586566570774,340769.18939183664,0
648.636174720096,69.33593614883637,340761.223757624,0
645.8203497426153,72.03135691282647,340757.2685220884,0
643.0318965375648,74.55197042444871,340754.2039000389,0
640.7882377945461,76.33106311794931,340752.78895868803,0
639.0646719493203,77.08972349386836,340751.9107558633,0
637.2075911609959,77.97014821819572,340751.26845271094,0
635.9818032760088,78.15945534581118,340750.9636772714,0
635.2523701570346,78.07809551477861,340750.7570042629,0
635.1411926028404,77.96358194933929,340750.63566513255,0
635.4961179462666,77.78258303976315,340750.56022456445,0
635.9299462112424,77.17106802086049,340750.51760724356,0
636.4073734826402,77.06559641045972,340750.4893934061,0
637.6525941940471,76.02337653096897,340750.47510983545,0
638.5037553422883,75.14990028090921,340750.4638954247,0
639.2494037187663,75.0341635395925,340750.45878024364,0
639.9275542057594,75.22751149308722,340750.45571115095,0
640.1395837440056,75.46460736533986,340750.4533089276,0
640.0910370394726,76.03684399533037,340750.45220405963,0
640.2211930612721,76.8775476075797,340750.45152888563,0
640.1881906484159,77.21346307992745,340750.4510144568,0
639.9487934996048,77.30302817067604,340750.45077580574,0
639.6031188417296,76.79884878205057,340750.45062551857,0
638.8823065943096,76.67392705559834,340750.4505188519,0
638.2048038039396,76.79662777242486,340750.45046730334,0
637.3750761395943,77.47323261120746,340750.4504303915,0
636.736008381698,78.41062472643821,340750.4504118012,0
636.2964075566236,78.59411170965419,340750.4503970902,0
636.361994932684,78.3262928724728,340750.4503904093,0
636.5565635364602,77.9536702266991,340750.450386401,0
637.0076101037215,77.41481517029034,340750.4503833281,0
637.510596263216,76.80568143386142,340750.4503818851,0
638.1936110820587,75.73706635779541,340750.4503809387,0
638.819827058489,74.91094701270418,340750.4503803314,0
638.600423039817,74.7023453766757,340750.45038000634,0
638.4428586715151,74.95174859308334,340750.450379772,0
638.601459532723,74.7283489961483,340750.45037965983,0
638.221854326385,75.24716132082465,340750.4503795817,0
638.0953335289361,75.88042957490708,340750.45037953905,0
637.9921234288375,76.20367560647877,340750.45037950913,0
637.6948846489955,76.63523266714574,340750.4503794947,0
637.2742490601341,77.3584102269098,340750.450379484,0
636.9486561660169,77.7869198150238,340750.4503794787,0
636.5307083626416,77.32713699257457,340750.4503794749,0
636.6162467767009,76.51123445707525,340750.45037947287,0
637.3375058658246,75.38572637857848,340750.45037947164,0
637.8798660646186,74.44078371125596,340750.4503794708,0
638.8064501959836,73.68896508601908,340750.45037947025,0
639.5830717210625,74.04188950116135,340750.45037947,0
640.2380007316875,73.94616134186104,340750.45037946996,0
640.7189843982753,73.81810512767952,340750.4503794698,0
640.644151027644,73.68746268265598,340750.4503794698,0
640.3582284974937,73.14817561338907,340750.45037946966,0
639.8273128350756,73.18392519853643,340750.45037946966,0
639.4656538801765,73.38600465730899,340750.45037946966,0
638.8735152745754,73.87018743554843,340750.45037946966,0
638.8416042630552,73.94908901269389,340750.45037946966,0
638.405813740857,73.60359594805075,340750.45037946966,0
637.9442500598959,74.0641974069076,340750.45037946966,0
637.5240565695043,74.46688156505174,340750.45037946966,0
637.5647910833648,74.65175586106801,340750.45037946966,0
637.2251019169156,75.73072607806378,340750.45037946966,0
637.3200846155711,76.39635137903264,340750.45037946966,0
637.4062229864007,77.11153800041275,340750.45037946966,0
637.612786066332,77.31519634919243,340750.45037946966,0
638.3618652348251,76.70860300993857,340750.45037946966,0
638.8364058142142,76.74920950301674,340750.45037946966,0
639.3702635075341,76.04406817704252,340750.45037946966,0
639.6051939874487,75.15677665353488,340750.45037946966,0
639.4392861711015,75.33979603470812,340750.45037946966,0
639.5406263052755,75.167586670156,340750.45037946966,0
639.5223247186518,75.499769345769,340750.45037946966,0
638.8987644108175,76.08783451326099,340750.45037946966,0
638.9894946374263,75.93979872175129,340750.45037946966,0
639.2447125027228,74.86023439044513,340750.45037946966,0
639.1604218991795,74.43711680148819,340750.45037946966,0
638.9200611252427,74.41173668573431,340750.45037946966,0
638.7721795997332,74.43111669083834,340750.45037946966,0
638.7703898600301,74.80650599803288,340750.45037946966,0
638.7471383188499,75.47208646193334,340750.45037946966,0
638.611667496812,76.30331508701147,340750.45037946966,0
638.3102216991127,77.27006169194063,340750.45037946966,0
638.333577341406,77.55995854643093,340750.45037946966,0
638.2235078228335,77.61777143221667,340750.45037946966,0
637.8811798325095,78.04620277415472,340750.45037946966,0
637.8320727405041,78.58826025984153,340750.45037946966,0
638.1016809830554,78.57458790103632,340750.45037946966,0
638.1751992727318,78.24449122622438,340750.45037946966,0
638.2036570109304,77.86073329104984,340750.45037946966,0
638.9178792635796,76.31719277837533,340750.45037946966,0
639.0767022896493,75.13551958560126,340750.45037946966,0
639.4690446609704,74.34378527002865,340750.45037946966,0
639.2395725494897,74.14160270080109,340750.45037946966,0
639.1109572043282,73.8964199877818,340750.45037946966,0
639.3037598314031,73.28508418783618,340750.45037946966,0
638.9854314514265,73.28057838990722,340750.45037946966,0
638.0385624716157,73.64526373518237,340750.45037946966,0
637.2439228209366,74.61158659860683,340750.45037946966,0
636.5939740540229,75.37215051059064,340750.45037946966,0
636.631635685766,75.90130625115616,340750.45037946966,0
636.7563063780553,75.95040597609939,340750.45037946966,0
637.444972540705,75.61543010341262,340750.45037946966,0
637.5809895749669,75.32658264296143,340750.45037946966,0
637.8408263662519,75.68288982175304,340750.45037946966,0
638.3165159028398,76.12207779430817,340750.45037946966,0
638.7853623751499,76.54172923648666,340750.45037946966,0
639.1560253060251,76.52945050086522,340750.45037946966,0
639.4023758203246,77.22055838355156,340750.45037946966,0
639.16659229327,77.43229317209735,340750.45037946966,0
639.0600278884302,77.19957744785395,340750.45037946966,0
639.334928144391,76.6446380649833,340750.45037946966,0
639.6617237572569,75.83267085757294,340750.45037946966,0
639.8195579023668,75.04036412826414,340750.45037946966,0
639.7192502666257,74.35864629277624,340750.45037946966,0
639.4926971918935,74.16231101499064,340750.45037946966,0
638.9816271148505,74.26676194702927,340750.45037946966,0
638.3480793912956,75.16093881199231,340750.45037946966,0
637.903530847764,76.26365116470403,340750.45037946966,0
637.2936759314613,77.51173455745239,340750.45037946966,0
637.0519475086214,78.32396658187122,340750.45037946966,0
637.592993398261,78.16589557400609,340750.45037946966,0
638.2814193994066,77.56003748910864,340750.45037946966,0
638.6316775437,77.20560818897721,340750.45037946966,0
639.0365651437461,77.30728512718633,340750.45037946966,0
638.8718754656718,77.72476667122326,340750.45037946966,0
638.4173035688032,77.37827065354435,340750.45037946966,0
637.8125478484258,77.58789337255672,340750.45037946966,0
636.994459931023,77.59584168906169,340750.45037946966,0
636.9433968799991,77.09085660570565,340750.45037946966,0
637.1902153654963,76.66816452101924,340750.45037946966,0
637.3540097821323,76.78420755360973,340750.45037946966,0
637.7352612843658,76.90857796382163,340750.45037946966,0
637.6616275070135,77.16681520864456,340750.45037946966,0
637.55201045725,77.563920424759,340750.45037946966,0
637.6002665870848,77.86549635023214,340750.45037946966,0
637.9232535937795,77.83442365564557,340750.45037946966,0
638.7467859691735,77.79081882105005,340750.45037946966,0
639.8068080882298,75.93993067714425,340750.45037946966,0
640.3126080508579,74.67609108275099,340750.45037946966,0
640.6173860004524,73.65647517320119,340750.45037946966,0
640.8783108869121,73.41655416286277,340750.45037946966,0
640.8297366975332,73.81266653072137,340750.45037946966,0
640.2818827169527,74.82718385967004,340750.45037946966,0
639.6494674520628,75.2877365251067,340750.45037946966,0
639.2115746767397,75.66107578920308,340750.45037946966,0
639.0068076518285,75.89275590768429,340750.45037946966,0
638.8459659119416,76.5396908028414,340750.45037946966,0
638.8803888641277,77.39362423176377,340750.45037946966,0
638.7366175835814,77.93678464200198,340750.45037946966,0
638.2777824915668,78.02711542548354,340750.45037946966,0
637.7151937126197,77.78766080738863,340750.45037946966,0
637.2786201414484,77.33829349233369,340750.45037946966,0
637.2615963648134,76.6786833664504,340750.45037946966,0
637.5478460551752,75.92731033768189,340750.45037946966,0
637.945985712735,75.09780622110593,340750.45037946966,0
637.8893147461255,75.84877780022306,340750.45037946966,0
638.3161208214107,75.93200069177394,340750.45037946966,0
638.4176579841946,75.7234159964009,340750.45037946966,0
638.5637515370262,75.1048748099362,340750.45037946966,0
638.9432009849461,74.55360674350838,340750.45037946966,0
639.421268026076,74.68303665829568,340750.45037946966,0
639.6667905701146,74.58088361516475,340750.45037946966,0
639.6951879962875,74.57296688180655,340750.45037946966,0
639.2506964061137,74.72396735399921,340750.45037946966,0
639.0791870937937,75.52818637686545,340750.45037946966,0
638.5849306919822,76.57418076488614,340750.45037946966,0
638.3545081539255,76.93774010924668,340750.45037946966,0
638.456930095174,76.08417021589943,340750.45037946966,0
637.8652407155647,76.25614402247082,340750.45037946966,0
637.6568796014225,76.02772653385436,340750.45037946966,0
638.5260187058119,75.04998552436257,340750.45037946966,0
639.0803711396032,73.97058990412832,340750.45037946966,0
639.8614410942243,73.46712901331111,340750.45037946966,0
640.4595996463944,73.01201733223108,340750.45037946966,0
640.9869305956714,73.17220642875647,340750.45037946966,0
641.1566578828053,73.72090642798103,340750.45037946966,0
641.5133399971598,74.48746837231089,340750.45037946966,0
641.4023912230684,75.26270952635804,340750.45037946966,0
641.1631792635047,75.17362197499608,340750.45037946966,0
640.8442494953541,75.45702790953477,340750.45037946966,0
640.434706642723,75.8183792780056,340750.45037946966,0
639.5666216547094,77.18026178902225,340750.45037946966,0
638.8228797360763,77.90669287466807,340750.45037946966,0
638.0844655004356,78.54887717166534,340750.45037946966,0
637.9103523483692,78.54678373992135,340750.45037946966,0
637.925290797338,78.5160679506336,340750.45037946966,0
637.8457205694795,78.02684925544142,340750.45037946966,0
637.8203841306146,77.41513242371,340750.45037946966,0
637.7877157337933,77.07070757320132,340750.45037946966,0
638.6500252871192,76.09060598307511,340750.45037946966,0
639.5122135625631,75.16249779854157,340750.45037946966,0
640.0888144387815,74.41464306124159,340750.45037946966,0
640.6951681284788,73.34931877460278,340750.45037946966,0
640.9527970777123,73.35648918390369,340750.45037946966,0
641.0540332270398,73.37992603083327,340750.45037946966,0
640.6825834068779,74.28007032619085,340750.45037946966,0
640.3347765589396,75.02789618643774,340750.45037946966,0
639.4415437875928,76.12721093561855,340750.45037946966,0
638.7786250252904,76.93719786884925,340750.45037946966,0
638.0920493456882,77.24942041489126,340750.45037946966,0
637.3009909738832,78.35589185262711,340750.45037946966,0
636.7762006900352,78.51045379604558,340750.45037946966,0
636.1691325662704,79.0917010309701,340750.45037946966,0
635.7056265655078,79.83316763765743,340750.45037946966,0
635.3784996111632,80.4680209555282,340750.45037946966,0
635.801824408226,79.92151651497356,340750.45037946966,0
636.2694775920531,79.14838087682044,340750.45037946966,0
637.1777101980172,77.56516345971595,340750.45037946966,0
637.9330872051379,76.2460258150825,340750.45037946966,0
638.1240315223341,75.82025019402208,340750.45037946966,0
638.2752329112614,75.67587476398616,340750.45037946966,0
638.7390552195362,75.65354668662276,340750.45037946966,0
639.0024032576251,75.72093824668097,340750.45037946966,0
639.4425682432367,75.49570430760312,340750.45037946966,0
639.389402209814,75.25071407095929,340750.45037946966,0
639.1742787229497,74.687021736691,340750.45037946966,0
638.9701170362912,74.41440510788698,340750.45037946966,0
639.2827367435227,74.3475656847762,340750.45037946966,0
639.5267878704975,74.3667905935199,340750.45037946966,0
639.5742982501963,74.31585925837311,340750.45037946966,0
639.9188233821652,74.75025644179324,340750.45037946966,0
639.7388889120261,75.35072684442268,340750.45037946966,0
639.2067113106359,75.97199021674174,340750.45037946966,0
638.8675322098583,76.42707063979994,340750.45037946966,0
638.9941515692807,75.83385063761179,340750.45037946966,0
639.3197577564148,75.31453566572173,340750.45037946966,0
639.6945815431685,75.20191191985892,340750.45037946966,0
640.5290566078489,74.88503960539335,340750.45037946966,0
640.5170154579544,75.26472929196885,340750.45037946966,0
640.6860577240992,74.97510473953925,340750.45037946966,0
641.1881452303197,74.74726500107197,340750.45037946966,0
641.2757471380705,74.8582162710609,340750.45037946966,0
640.5636144357601,75.82651595691901,340750.45037946966,0
640.289489901366,76.29773435964302,340750.45037946966,0
640.0219162186328,76.60745839356676,340750.45037946966,0
639.4843155676958,77.3579544995405,340750.45037946966,0
638.8387850069902,77.4665099610408,340750.45037946966,0
638.2613904940001,77.66217025137507,340750.45037946966,0
638.1756137127607,76.57765620000897,340750.45037946966,0
638.3479564374943,75.45563289305642,340750.45037946966,0
638.585847927554,74.82225207461325,340750.45037946966,0
638.4350948685832,74.73036417293962,340750.45037946966,0
638.4841997480752,74.69251440659289,340750.45037946966,0
638.3815311163369,74.80879818920317,340750.45037946966,0
638.5014131583621,74.18874174962147,340750.45037946966,0
638.2470283760117,74.38055056469929,340750.45037946966,0
638.8148877701606,73.56414022540974,340750.45037946966,0
639.3830999381559,73.1216906241549,340750.45037946966,0
640.2886223732202,72.78324081129726,340750.45037946966,0
640.675291477756,72.30198402199298,340750.45037946966,0
640.6168956818367,72.46623283694593,340750.45037946966,0
640.3711505187173,73.08970580248479,340750.45037946966,0
640.4430639045714,73.55356545337766,340750.45037946966,0
640.800060580463,74.0230148112926,340750.45037946966,0
640.9520477398665,74.73976935777095,340750.45037946966,0
640.5998651861458,75.32604249766912,340750.45037946966,0
640.2740691211063,75.82958882309502,340750.45037946966,0
639.9420030802627,75.59489913712306,340750.45037946966,0
639.8627948913963,75.39410791953068,340750.45037946966,0
639.6117815667159,74.7733099469407,340750.45037946966,0
639.5066792984705,74.31179182663519,340750.45037946966,0
639.6010431025404,73.18629786223245,340750.45037946966,0
639.5387031980771,73.07532602337636,340750.45037946966,0
639.2912086788858,73.2541190691462,340750.45037946966,0
639.0634649626767,73.52844839288936,340750.45037946966,0
639.0204223486191,74.32071860985863,340750.45037946966,0
638.5471973127593,75.3712737762318,340750.45037946966,0
638.3214287479018,76.25186021378467,340750.45037946966,0
638.4862185693717,76.31012224134967,340750.45037946966,0
638.1728337434006,76.42977496689474,340750.45037946966,0
638.6889012469296,75.62235156769185,340750.45037946966,0
638.6240840320975,75.26852216459532,340750.45037946966,0
638.5728724436641,75.41750868381618,340750.45037946966,0
639.0086440746804,74.99161398215337,340750.45037946966,0
639.4002608985774,74.7141307686966,340750.45037946966,0
639.3632790627072,75.32317946484157,340750.45037946966,0
639.4297899274379,75.38562858559061,340750.45037946966,0
639.0296556620528,75.3869387312204,340750.45037946966,0
638.3209533835826,75.51634649876408,340750.45037946966,0
637.8282495433745,75.83393345979395,340750.45037946966,0
637.0330218452816,76.50541936080661,340750.45037946966,0
636.8360414732385,76.5148269941831,340750.45037946966,0
637.5259369694854,76.12904851559233,340750.45037946966,0
637.9777986774561,75.50247967902547,340750.45037946966,0
638.3811242333477,75.06599973317765,340750.45037946966,0
638.7036896041369,74.87113841073996,340750.45037946966,0
638.8205293690808,74.8699777144421,340750.45037946966,0
638.8474492007429,75.05709961895522,340750.45037946966,0
638.7318931420347,75.36410368660191,340750.45037946966,0
638.8776199714963,75.27533964746368,340750.45037946966,0
639.1417714882086,75.28921919492655,340750.45037946966,0
639.6585606798443,74.80169823997814,340750.45037946966,0
640.0383660211813,73.66697251281505,340750.45037946966,0
640.0093664615358,72.09032460002055,340750.45037946966,0
639.5566304529633,71.60578033975472,340750.45037946966,0
639.2134092982553,71.87573094452955,340750.45037946966,0
639.5056430947731,72.22894142778253,340750.45037946966,0
638.9092607548258,73.63433956578855,340750.45037946966,0
638.8728097203441,74.2873881127743,340750.45037946966,0
639.118191612651,74.62728188103038,340750.45037946966,0
639.9057158982683,74.57663720902532,340750.45037946966,0
640.0230722352867,75.07433624873528,340750.45037946966,0
640.1467782034346,75.09120287432658,340750.45037946966,0
640.2535799315801,75.24479957714135,340750.45037946966,0
640.3506227051485,75.34329047832227,340750.45037946966,0
640.5253306587294,75.61381899125277,340750.45037946966,0
640.3137820753525,75.9064908082493,340750.45037946966,0
640.0717885350878,76.62570981674551,340750.45037946966,0
639.2885372220177,77.46634092527623,340750.45037946966,0
638.5054467100205,78.37465778998178,340750.45037946966,0
637.9993405837475,78.87802735071025,340750.45037946966,0
637.3440870697287,79.05544241734835,340750.45037946966,0
637.2515327863352,78.66207403823392,340750.45037946966,0
637.1761620961809,78.30091813139195,340750.45037946966,0
637.4846234434543,78.04734193325879,340750.45037946966,0
637.4595829543425,77.93492737363968,340750.45037946966,0
637.4668506323964,77.47253857675692,340750.45037946966,0
637.2753420599109,77.13575312628045,340750.45037946966,0
637.3156775292275,76.91764065980404,340750.45037946966,0
638.0261078212501,76.45147057347513,340750.45037946966,0
638.6202084892489,76.1355441191196,340750.45037946966,0
638.5323545783821,76.06353565576656,340750.45037946966,0
638.4155026380902,76.02545847729809,340750.45037946966,0
637.7442033948421,75.81645645675482,340750.45037946966,0
637.1550774513005,76.05689144088896,340750.45037946966,0
636.2986229351029,76.6900692183064,340750.45037946966,0
636.1418825963135,76.57488989375447,340750.45037946966,0
636.1874559165424,77.05667261459689,340750.45037946966,0
636.3946454751466,77.20288556586094,340750.45037946966,0
636.906468552476,76.5549261867232,340750.45037946966,0
638.1441152396492,75.70198767398375,340750.45037946966,0
639.3710966340291,74.92597633180674,340750.45037946966,0
640.3100936626311,74.65817322107004,340750.45037946966,0
640.4398108782499,75.07016051640662,340750.45037946966,0
640.6491061032541,74.33151318833394,340750.45037946966,0
640.8743811154577,73.75521765990224,340750.45037946966,0
640.4632091769681,73.99294142046966,340750.45037946966,0
640.2347819847422,73.81503859434827,340750.45037946966,0
639.6211426166327,74.13994519803401,340750.45037946966,0
639.5762773984629,73.77525668582199,340750.45037946966,0
639.6168477508694,73.6538452987451,340750.45037946966,0
639.5831822854815,73.62369733415578,340750.45037946966,0
639.3118018787821,74.4425656727862,340750.45037946966,0
639.0359844696253,74.9079169712359,340750.45037946966,0
638.7439334664906,75.75340898766068,340750.45037946966,0
638.8862264922794,75.64573133492802,340750.45037946966,0
639.3963973163384,75.8449957205107,340750.45037946966,0
639.481693614591,76.38724337734863,340750.45037946966,0
639.4198609687588,76.42216202021517,340750.45037946966,0
639.2466695106283,76.28760731199279,340750.45037946966,0
639.0472495148986,75.68463705909161,340750.45037946966,0
639.0730729393498,75.50668436627114,340750.45037946966,0
638.9395857046317,75.07993734270971,340750.45037946966,0
638.994173852732,74.70282325025372,340750.45037946966,0
638.7999436727979,74.47555805236756,340750.45037946966,0
639.2273950947659,73.83577759209734,340750.45037946966,0
639.504106903204,73.9171073234249,340750.45037946966,0
639.5194799911646,73.49136528211861,340750.45037946966,0
639.4304869249595,74.23051896345117,340750.45037946966,0
639.3518478085996,74.38325825260412,340750.45037946966,0
638.8287275574784,75.0082751030447,340750.45037946966,0
638.5133940655688,75.7179470292323,340750.45037946966,0
637.8677748020507,77.18235187275845,340750.45037946966,0
637.7124869018038,77.53288356962415,340750.45037946966,0
637.8881320867296,77.21965503519974,340750.45037946966,0
637.5120919550677,77.86176326400854,340750.45037946966,0
637.2791531522265,78.41105405029667,340750.45037946966,0
637.4558422959135,78.51100209470935,340750.45037946966,0
637.6316287563997,77.92666544797439,340750.45037946966,0
637.5382758941481,77.39375397392402,340750.45037946966,0
637.7994594285977,76.76912447851974,340750.45037946966,0
637.9234660829159,76.04717287938546,340750.45037946966,0
638.0189035920685,75.37362447738586,340750.45037946966,0
638.5690001723708,74.17585141544691,340750.45037946966,0
638.7836334720878,74.04075247278269,340750.45037946966,0
639.1592283429964,74.02849985589822,340750.45037946966,0
639.6512973826729,74.31087424191139,340750.45037946966,0
639.5710143778281,75.20870073943017,340750.45037946966,0
639.493135523053,76.0266163833963,340750.45037946966,0
639.4457691035933,76.51189240665109,340750.45037946966,0
639.2514372101111,76.19835584809573,340750.45037946966,0
639.4906008418914,75.31578483817202,340750.45037946966,0
639.3668779852812,75.01177244615145,340750.45037946966,0
639.135310799066,75.06568427467909,340750.45037946966,0
639.1206041713915,74.96841830756166,340750.45037946966,0
639.0615512764837,74.67823302238322,340750.45037946966,0
639.2957449759026,74.29852507032163,340750.45037946966,0
639.6448588370146,73.44832860976744,340750.45037946966,0
639.9182225604627,72.6321311190084,340750.45037946966,0
639.9592127501658,72.0167534457918,340750.45037946966,0
639.8311394488992,72.35131881506949,340750.45037946966,0
639.4236276093851,73.86344671312042,340750.45037946966,0
638.8437904597968,75.79860038497709,340750.45037946966,0
638.3513224963239,76.52861659886956,340750.45037946966,0
637.763001629533,77.43641882255949,340750.45037946966,0
637.7361074571804,77.68354371601986,340750.45037946966,0
637.9184937543705,77.72519429941185,340750.45037946966,0
638.0303878411473,77.64773517537719,340750.45037946966,0
638.2327112984866,77.33892136470165,340750.45037946966,0
638.4768425656519,76.92907996615307,340750.45037946966,0
637.9663068904761,77.14433417317329,340750.45037946966,0
637.5637387059534,77.49780148920493,340750.45037946966,0
637.4394076247597,77.3474123664553,340750.45037946966,0
637.2662483785844,76.99964841669693,340750.45037946966,0
637.3981756662572,76.11796764414075,340750.45037946966,0
637.2809171755123,76.24167621354086,340750.45037946966,0
637.1009449833996,76.41355645702421,340750.45037946966,0
637.118289590011,76.07741534273717,340750.45037946966,0
637.500688415674,75.71064205344008,340750.45037946966,0
637.5235775828831,75.99748683890262,340750.45037946966,0
637.7536816005836,77.12635928281492,340750.45037946966,0
637.909592444843,77.69560412455141,340750.45037946966,0
638.1016745560303,78.37932899621383,340750.45037946966,0
638.4847196639115,78.57880256049899,340750.45037946966,0
638.6926519604193,78.56426513733888,340750.45037946966,0
638.7343021545263,78.84839827049029,340750.45037946966,0
638.5440565151321,78.27445825000115,340750.45037946966,0
638.5479222724091,77.74387249972109,340750.45037946966,0
638.7429851832018,77.21429195719793,340750.45037946966,0
638.6084579816428,76.33652906133496,340750.45037946966,0
638.6866966226416,75.92539255594089,340750.45037946966,0
638.8584063961216,75.43393621435304,340750.45037946966,0
638.8336575787694,75.30337126821215,340750.45037946966,0
638.4777586862589,76.10864767813524,340750.45037946966,0
638.6355111699597,76.19733355340063,340750.45037946966,0
638.9473203412504,75.82478220151667,340750.45037946966,0
638.9767700618064,76.04038610611579,340750.45037946966,0
639.2250729082524,76.24444917475634,340750.45037946966,0
639.227232568926,76.1384738940106,340750.45037946966,0
639.3965165200834,75.9085994947469,340750.45037946966,0
639.7626591139336,75.73451772188226,340750.45037946966,0
640.0042957789476,75.19624891241209,340750.45037946966,0
640.2048888765588,74.15079923249979,340750.45037946966,0
640.1357601585278,73.37484673794502,340750.45037946966,0
639.5802637022209,73.9776207712067,340750.45037946966,0
639.3258602822432,74.3850189181505,340750.45037946966,0
638.5464680677994,75.48728350896306,340750.45037946966,0
638.7440317180119,75.35974946965723,340750.45037946966,0
638.4771414955356,75.69711338570575,340750.45037946966,0
638.4641866451942,75.5718137497661,340750.45037946966,0
638.5465553548105,75.30832392666237,340750.45037946966,0
638.5213112839762,75.21292070522219,340750.45037946966,0
638.8880351922782,75.02012166083205,340750.45037946966,0
639.0998521021171,75.11610965471232,340750.45037946966,0
639.4483251595818,75.1051911891609,340750.45037946966,0
639.9228258754098,74.86071939575278,340750.45037946966,0
640.1813835362458,74.22051997840555,340750.45037946966,0
640.1258750792755,73.03655894220866,340750.45037946966,0
639.872426928005,73.35911606136298,340750.45037946966,0
639.4228090039467,74.01315199416648,340750.45037946966,0
639.125249437179,74.58953996050711,340750.45037946966,0
638.5638706380835,74.88238095311856,340750.45037946966,0
637.9638978406315,74.9897907017713,340750.45037946966,0
637.3096923022146,75.1206407985718,340750.45037946966,0
637.2755179626275,75.60865486899351,340750.45037946966,0
637.3743277798064,76.23540846522172,340750.45037946966,0
637.5384050847529,76.9762575359946,340750.45037946966,0
638.0075900835949,77.22679138808772,340750.45037946966,0
638.5672034514345,76.75459846844495,340750.45037946966,0
639.2342246508839,76.67957359698676,340750.45037946966,0
639.4797660896108,77.12146682167423,340750.45037946966,0
639.2104621627774,77.57003176143148,340750.45037946966,0
638.8664740281439,77.68563152480253,340750.45037946966,0
638.9606933235762,77.73891294454803,340750.45037946966,0
639.1690457515773,77.30848520421546,340750.45037946966,0
639.2569511269761,77.26601993219062,340750.45037946966,0
638.6931756813907,77.71446004809603,340750.45037946966,0
638.2101137867181,77.62813127614415,340750.45037946966,0
638.2212971703506,77.62574692493243,340750.45037946966,0
637.6975428409896,77.87895709236551,340750.45037946966,0
637.2729067606007,78.24475365411584,340750.45037946966,0
637.0138753856064,78.33797711882714,340750.45037946966,0
637.1005637741299,77.70695811785573,340750.45037946966,0
637.6163423045545,76.33442007969485,340750.45037946966,0
637.9461173982596,75.59491272093089,340750.45037946966,0
638.292060964765,74.97445937736359,340750.45037946966,0
638.4510827109949,74.5643660839976,340750.45037946966,0
638.8600137969382,74.16548166980512,340750.45037946966,0
639.750454079002,73.45180711101024,340750.45037946966,0
640.1801302911455,73.03433751225826,340750.45037946966,0
640.4476238569797,72.33666995283018,340750.45037946966,0
640.4922953408864,72.54393907941109,340750.45037946966,0
640.3469197907415,72.95169372011738,340750.45037946966,0
639.8029563477596,74.1266135454618,340750.45037946966,0
639.2604354814036,74.98553700139551,340750.45037946966,0
638.3708031592487,76.104694617145,340750.45037946966,0
637.7381571679365,76.13952778856725,340750.45037946966,0
637.4029828886388,75.70311834105313,340750.45037946966,0
637.4893165682045,75.39411219234805,340750.45037946966,0
637.7123921394677,75.29392188975801,340750.45037946966,0
637.8018619326994,75.18452317328021,340750.45037946966,0
637.6927393575046,74.92874631069151,340750.45037946966,0
637.9185782810376,74.52167882921634,340750.45037946966,0
637.854637222214,74.97832625713215,340750.45037946966,0
637.6098549338276,76.19737800197046,340750.45037946966,0
637.7836777037822,76.17758266051811,340750.45037946966,0
637.9961466275398,76.54831852380767,340750.45037946966,0
638.6510494932934,76.75071140700872,340750.45037946966,0
638.735940578043,77.23801281475042,340750.45037946966,0
638.8851468537601,77.01794902825999,340750.45037946966,0
639.1918893963616,76.45938255465383,340750.45037946966,0
638.9358694020874,76.46154925294078,340750.45037946966,0
638.989708455146,76.2932024142965,340750.45037946966,0
638.7413324678241,75.59710175971111,340750.45037946966,0
638.5657342018146,75.9602442672967,340750.45037946966,0
638.5740513169181,76.47174880653417,340750.45037946966,0
639.0426085886562,76.03873284252504,340750.45037946966,0
639.4804800818196,76.33485634033697,340750.45037946966,0
639.8257139164202,75.63936234605151,340750.45037946966,0
639.8315219631394,74.84801621060372,340750.45037946966,0
639.5037552479764,74.98736211816794,340750.45037946966,0
639.0280463943482,75.33734382498307,340750.45037946966,0
638.7555125979234,76.05680093243173,340750.45037946966,0
638.3713484454875,75.9592385988512,340750.45037946966,0
638.06054806669,76.11144158589653,340750.45037946966,0
637.9573458401918,76.17416091625604,340750.45037946966,0
637.8261174921771,76.28692592587372,340750.45037946966,0
637.8647394035178,76.69612732150274,340750.45037946966,0
638.3069641593834,76.89882139279828,340750.45037946966,0
638.9998443264442,77.21306841320857,340750.45037946966,0
639.4292226055896,77.41824752128996,340750.45037946966,0
639.68101782498,76.68659659731907,340750.45037946966,0
640.3932688295838,75.08137393440362,340750.45037946966,0
640.7503522568494,73.55358007254002,340750.45037946966,0
640.9601082532383,72.52716990286405,340750.45037946966,0
640.5996244565736,71.96111671040578,340750.45037946966,0
639.9204523678114,71.52868937854609,340750.45037946966,0
639.2675792360973,71.27781493191618,340750.45037946966,0
639.199697314942,70.85045324546572,340750.45037946966,0
639.084999089448,70.70917499971924,340750.45037946966,0
639.2790340133882,70.76156537549753,340750.45037946966,0
639.3860892547957,70.87542836781554,340750.45037946966,0
639.2846955292661,71.76587173549497,340750.45037946966,0
639.6978049091178,72.0137839529075,340750.45037946966,0
639.7049409490912,72.50490542603694,340750.45037946966,0
639.3638050878487,73.60224007745246,340750.45037946966,0
638.9712135990599,74.96758350902529,340750.45037946966,0
638.7872593919566,75.9091734856788,340750.45037946966,0
638.4201806025679,76.68833900161843,340750.45037946966,0
638.1465747656213,77.2659096479867,340750.45037946966,0
638.3111005791426,76.89155572244677,340750.45037946966,0
638.4841997682739,76.60331736154312,340750.45037946966,0
638.6177092514323,76.91500844536033,340750.45037946966,0
638.0368448473647,77.8823794724971,340750.45037946966,0
637.5366979874622,77.92416213901767,340750.45037946966,0
637.8359052364399,77.30547183040265,340750.45037946966,0
637.7968151573652,77.26084122593866,340750.45037946966,0
638.4486995933372,76.27401140404677,340750.45037946966,0
638.6582223889299,75.40994281887612,340750.45037946966,0
638.9497654550494,75.26908619335862,340750.45037946966,0
639.548916136685,75.12260476890914,340750.45037946966,0
640.5932851824247,74.19189429582222,340750.45037946966,0
641.0173520698684,73.6602361687349,340750.45037946966,0
641.1525795070503,73.46760986509854,340750.45037946966,0
640.7008757748532,74.16757197236451,340750.45037946966,0
640.2184190708609,74.52669292955088,340750.45037946966,0
639.5302148605156,74.91925141865424,340750.45037946966,0
638.9276247455953,75.50220710199567,340750.45037946966,0
638.1107121991749,76.02536746949369,340750.45037946966,0
637.8571520121594,76.47477666921903,340750.45037946966,0
637.7691978724987,76.68458175569552,340750.45037946966,0
637.7516219003192,76.44003222487865,340750.45037946966,0
637.8020551213771,76.29100385578752,340750.45037946966,0
637.5118250581401,75.90073570364522,340750.45037946966,0
637.7998720167122,75.11971167819667,340750.45037946966,0
638.3523264776688,74.23885347178447,340750.45037946966,0
638.959188890206,73.42609312767519,340750.45037946966,0
639.848797875158,73.18985560859274,340750.45037946966,0
640.4551140362381,73.16301391778413,340750.45037946966,0
641.0058173575381,73.00267874916682,340750.45037946966,0
640.9530238860664,73.30426532400433,340750.45037946966,0
641.1174655783688,73.30334407165921,340750.45037946966,0
641.1852198735712,74.04341864030191,340750.45037946966,0
640.8015588614937,75.01180421232867,340750.45037946966,0
640.3565085590014,75.66856811713772,340750.45037946966,0
639.7144761769312,76.05472845623609,340750.45037946966,0
639.0136107039478,76.91827024074344,340750.45037946966,0
638.9017393982064,77.05728634480022,340750.45037946966,0
639.1452858914593,77.09011926198255,340750.45037946966,0
639.0487333435998,76.9728741004087,340750.45037946966,0
638.9217882245274,76.82690358560811,340750.45037946966,0
638.3347082181973,76.98346111566575,340750.45037946966,0
637.5717944337307,76.9971914192149,340750.45037946966,0
637.0875957002146,77.16563127680529,340750.45037946966,0
636.7490740692944,77.92132655502299,340750.45037946966,0
636.9055972475699,78.2160993892344,340750.45037946966,0
637.2741016330151,78.82334483359082,340750.45037946966,0
637.9367867418061,79.14249167000345,340750.45037946966,0
638.4783921710728,79.19847375515049,340750.45037946966,0
638.9930293865475,78.23387993301685,340750.45037946966,0
639.2758729773838,77.10452501038704,340750.45037946966,0
639.3470096282321,76.56005100935587,340750.45037946966,0
639.8596821339572,75.74485415908839,340750.45037946966,0
640.4950208146691,75.1057916130059,340750.45037946966,0
640.539896848146,74.38404117981982,340750.45037946966,0
640.5427071476228,73.785219724005,340750.45037946966,0
639.916866052959,73.70547791376232,340750.45037946966,0
639.0160157228944,75.12240820408343,340750.45037946966,0
638.3751042403053,76.65909511688093,340750.45037946966,0
637.2250406063324,78.6493136933231,340750.45037946966,0
636.1650986977527,79.92207544523879,340750.45037946966,0
635.6217863673002,80.2213814706389,340750.45037946966,0
635.1980200111303,80.42803596918573,340750.45037946966,0
635.5204499574297,79.84379321703953,340750.45037946966,0
636.2983925688054,79.16631953666878,340750.45037946966,0
637.1197948972637,78.92406681526101,340750.45037946966,0
637.8010370096047,78.13903448283885,340750.45037946966,0
637.9625121945415,77.56931231259706,340750.45037946966,0
637.8116148884673,77.1087609920168,340750.45037946966,0
638.1709049591323,75.66975029337974,340750.45037946966,0
638.3973428774831,74.02709308364739,340750.45037946966,0
638.2185551662271,73.30402583010896,340750.45037946966,0
638.2856609401265,72.55086667563748,340750.45037946966,0
638.2477571182241,72.45562537150633,340750.45037946966,0
638.4676284348413,72.88335301197746,340750.45037946966,0
638.6515233779603,73.01868564415965,340750.45037946966,0
638.440352594291,74.05033651539901,340750.45037946966,0
638.2368843016989,74.56454086474074,340750.45037946966,0
637.7070549819266,75.24032969405093,340750.45037946966,0
637.3530499989114,75.93626162540554,340750.45037946966,0
637.2889378544716,75.68052922192608,340750.45037946966,0
637.5154256657449,75.97979269160372,340750.45037946966,0
637.8947255793962,75.77671357847247,340750.45037946966,0
638.2875094557153,75.78126107144384,340750.45037946966,0
638.3321155943095,75.57526086390882,340750.45037946966,0
638.5010997639265,75.22007504999785,340750.45037946966,0
639.2274005464666,74.10630160496036,340750.45037946966,0
640.1348520259785,72.81585638170483,340750.45037946966,0
640.9470893111115,72.22140834231908,340750.45037946966,0
641.4635679059872,71.8681380759371,340750.45037946966,0
641.9625895125716,71.66472774651578,340750.45037946966,0
642.1819276523743,71.60197568474804,340750.45037946966,0
641.8818542385842,71.71849766099892,340750.45037946966,0
641.5432571462683,72.01009450522675,340750.45037946966,0
641.0231130715841,72.80099942036473,340750.45037946966,0
640.262932353735,74.3964039184645,340750.45037946966,0
639.4284016600759,76.14025446263445,340750.45037946966,0
638.7903316463954,77.13548526112238,340750.45037946966,0
638.060382032261,78.10211687720681,340750.45037946966,0
637.287648970949,78.64832294088103,340750.45037946966,0
637.0701156893371,78.15175794320353,340750.45037946966,0
636.9307009442729,78.40349646233662,340750.45037946966,0
637.1465519475669,78.12975876897252,340750.45037946966,0
637.4922291582027,78.14676755260433,340750.45037946966,0
637.7187750279145,78.50591419472346,340750.45037946966,0
637.8068568845654,77.84771203495426,340750.45037946966,0
637.823951759024,77.08773375912244,340750.45037946966,0
638.0739835508119,76.76870485394493,340750.45037946966,0
638.330248087052,76.87586003805512,340750.45037946966,0
638.8107212457389,76.96790490937626,340750.45037946966,0
639.0735327673731,77.00004750915231,340750.45037946966,0
639.0143045537195,76.52074412793615,340750.45037946966,0
638.9422223597878,76.24476824262898,340750.45037946966,0
639.3226861477974,75.91847607570891,340750.45037946966,0
639.6116372938825,75.71604105105008,340750.45037946966,0
639.7012285658083,75.51720843958307,340750.45037946966,0
639.9283764007371,75.30257639042209,340750.45037946966,0
639.8714314890268,75.47711863465906,340750.45037946966,0
640.1218909487471,74.99605219877758,340750.45037946966,0
639.9354872568675,75.0899024013266,340750.45037946966,0
639.2884302523292,75.01185520486654,340750.45037946966,0
638.7340525639735,75.06595798833733,340750.45037946966,0
638.5665240222946,75.24733590662711,340750.45037946966,0
638.4619069596005,75.33891129931091,340750.45037946966,0
638.3487411410086,75.61111514135101,340750.45037946966,0
638.4839181979755,75.43241734974991,340750.45037946966,0
638.7550088447499,75.29257531138961,340750.45037946966,0
639.0593300430478,75.13946454958081,340750.45037946966,0
639.2414227288564,74.80015070837888,340750.45037946966,0
639.4621790057117,74.63161651741316,340750.45037946966,0
639.4711104005816,75.0493164947182,340750.45037946966,0
639.3584076743754,75.28872633947393,340750.45037946966,0
639.1604724784161,75.7135476916303,340750.45037946966,0
638.4800609238785,76.480924280243,340750.45037946966,0
637.7155939533349,77.36294395714441,340750.45037946966,0
637.0858090671499,78.12260707037662,340750.45037946966,0
636.6345873732055,78.48673556977192,340750.45037946966,0
636.8086332749069,78.46820943609721,340750.45037946966,0
637.1320171527673,78.60717695493953,340750.45037946966,0
637.4533179023177,78.10951647228543,340750.45037946966,0
637.7492415179431,77.33205730274773,340750.45037946966,0
638.2143193913447,75.76088094966062,340750.45037946966,0
638.6574583213302,74.41739527416931,340750.45037946966,0
639.5935847532601,72.94730845561332,340750.45037946966,0
639.6623379768834,72.16165552063967,340750.45037946966,0
639.5360439917699,71.9718282052972,340750.45037946966,0
639.4911597322728,72.49452096096299,340750.45037946966,0
639.6155614051293,72.48662119399717,340750.45037946966,0
639.3870119718773,72.82691813461993,340750.45037946966,0
639.2646690773588,72.8137394080438,340750.45037946966,0
638.9804429445494,73.5185150369804,340750.45037946966,0
638.385282671595,74.50831946470285,340750.45037946966,0
637.402929443082,75.86781859823206,340750.45037946966,0
636.5603549064706,77.10548804615932,340750.45037946966,0
636.2003198549378,78.07010484314304,340750.45037946966,0
636.2189469682389,78.24694358382804,340750.45037946966,0
636.3636909742077,78.73470056562603,340750.45037946966,0
636.66005549531,78.64772666956914,340750.45037946966,0
636.6622035978678,78.2776994523105,340750.45037946966,0
636.8739746164505,78.15201310735695,340750.45037946966,0
637.362629560008,77.516570045926,340750.45037946966,0
637.9834695929721,76.60643240773933,340750.45037946966,0
638.5319848435641,76.24086129111734,340750.45037946966,0
638.8883688679581,76.07917887809322,340750.45037946966,0
639.3969837823648,75.70528966647076,340750.45037946966,0
639.5587106969873,76.0998340462814,340750.45037946966,0
639.868436702881,76.97601500818405,340750.45037946966,0
639.8473084971689,77.85920197764801,340750.45037946966,0
639.5409027841856,78.51188453014198,340750.45037946966,0
638.9281512998331,78.94677276551573,340750.45037946966,0
638.5897241830028,78.98542546029954,340750.45037946966,0
638.2475212173744,78.98357756215984,340750.45037946966,0
638.0210523736987,78.90985970249771,340750.45037946966,0
637.7331908046515,78.793764676944,340750.45037946966,0
638.0802999212261,78.22907565048415,340750.45037946966,0
637.9971104893739,77.76386720515475,340750.45037946966,0
637.5506615301006,78.07132634537335,340750.45037946966,0
637.4004864277474,78.54578024997325,340750.45037946966,0
637.2938384586876,79.26227662355785,340750.45037946966,0
637.5690361144649,78.92003873105595,340750.45037946966,0
638.1869359806967,77.80635057302497,340750.45037946966,0
638.6699721237387,76.60176917510256,340750.45037946966,0
638.8503916033303,75.87735612126455,340750.45037946966,0
638.4546868192027,75.11329110512439,340750.45037946966,0
638.2098952188073,74.79756617019476,340750.45037946966,0
637.8445184766541,74.74672286869769,340750.45037946966,0
637.3910764335794,74.295764064984,340750.45037946966,0
637.2318496005475,73.7453259645443,340750.45037946966,0
637.1202209042265,73.61879020036595,340750.45037946966,0
636.9632488892598,73.8068310351005,340750.45037946966,0
636.6059342559265,74.33896328760002,340750.45037946966,0
636.7066323356028,75.07566203689034,340750.45037946966,0
636.8246555313515,76.17224990016341,340750.45037946966,0
637.8738672259547,76.24480531535315,340750.45037946966,0
638.4768687900099,76.7745073889403,340750.45037946966,0
638.6176488849213,77.35563455085779,340750.45037946966,0
638.5084221772438,77.9811919499157,340750.45037946966,0
638.571005413608,77.95805709700991,340750.45037946966,0
638.4178997010516,78.07400533484586,340750.45037946966,0
638.1361485992305,78.28723503840827,340750.45037946966,0
638.1840592271011,77.66867786462717,340750.45037946966,0
638.4931458454704,76.94489562589905,340750.45037946966,0
638.8206642216124,76.64249585718153,340750.45037946966,0
638.8313048025188,75.85871582601915,340750.45037946966,0
638.8319233267351,75.69097084332763,340750.45037946966,0
639.1557067785819,75.0597727913392,340750.45037946966,0
639.278491848779,74.8549914937498,340750.45037946966,0
639.6542746687468,73.78982000588412,340750.45037946966,0
639.7591705597839,73.10940424430697,340750.45037946966,0
640.1000914233045,72.2512227833829,340750.45037946966,0
639.9975113788314,71.93316743667954,340750.45037946966,0
640.1313201742241,71.77001351607133,340750.45037946966,0
640.1677746910186,71.68580012158199,340750.45037946966,0
639.889374156961,72.16112125832399,340750.45037946966,0
639.6781197404101,73.11383283626078,340750.45037946966,0
639.776969676219,73.34471866220436,340750.45037946966,0
640.097454047924,73.55463063792737,340750.45037946966,0
640.1925194774785,73.1665491348236,340750.45037946966,0
640.461075693517,72.87229598102338,340750.45037946966,0
640.6561323716566,72.7256209668542,340750.45037946966,0
640.3989665118556,73.11847641562763,340750.45037946966,0
639.7820423716851,73.52868444332482,340750.45037946966,0
639.5280265503349,73.81637448656255,340750.45037946966,0
639.1634800450452,74.35853701767232,340750.45037946966,0
639.2452925547191,74.44417396403834,340750.45037946966,0
639.1534024328869,74.26508859224717,340750.45037946966,0
638.5269133226461,75.24391330589769,340750.45037946966,0
637.7352908624949,76.51099758479262,340750.45037946966,0
637.2752550760534,77.69029798557055,340750.45037946966,0
637.1289132539488,78.17198784048558,340750.45037946966,0
636.9511290800687,78.78282419081373,340750.45037946966,0
637.0974212760963,79.2801923196162,340750.45037946966,0
637.315230885724,79.96050305503238,340750.45037946966,0
638.1419495132034,79.15114672745511,340750.45037946966,0
638.7183065686478,78.64326170435656,340750.45037946966,0
638.5029715775228,78.1493078167763,340750.45037946966,0
638.7141931062982,76.71128581097076,340750.45037946966,0
638.8127939704548,75.4976670571077,340750.45037946966,0
639.0257841868904,74.72917095564443,340750.45037946966,0
639.0961110652826,74.039810478045,340750.45037946966,0
639.3821408286918,73.47244308287422,340750.45037946966,0
639.8260086089331,73.65218592918808,340750.45037946966,0
639.7859599117377,74.24066306944799,340750.45037946966,0
639.4112623677638,74.8038584414102,340750.45037946966,0
639.2889008980509,74.89717871875314,340750.45037946966,0
639.7540936011534,74.67195566886515,340750.45037946966,0
639.8209890150621,74.84449926554635,340750.45037946966,0
639.3799290654119,75.24151336616669,340750.45037946966,0
638.9018814275155,75.39718757614109,340750.45037946966,0
639.0268056677957,75.17101454090859,340750.45037946966,0
639.169517003254,74.92633722616947,340750.45037946966,0
639.7428852660372,73.71391627118658,340750.45037946966,0
640.0272955255974,72.6577115706161,340750.45037946966,0
640.1295013238398,72.5911389316123,340750.45037946966,0
639.9215405320961,73.12611898772369,340750.45037946966,0
639.6135136862829,74.07059101220295,340750.45037946966,0
639.3768757022768,74.40793413901211,340750.45037946966,0
639.0998956258115,74.60861336987794,340750.45037946966,0
639.2922702714163,74.6956237817674,340750.45037946966,0
639.2835672053452,74.44721766782786,340750.45037946966,0
639.1590515009426,74.91888364075204,340750.45037946966,0
638.6030069799659,75.21894523113876,340750.45037946966,0
637.9047677182442,76.00580561875869,340750.45037946966,0
637.5890622477639,76.2452621976211,340750.45037946966,0
637.7868873298607,75.58765040334917,340750.45037946966,0
638.4349923514179,74.70128366699382,340750.45037946966,0
639.104630280538,73.6502725995041,340750.45037946966,0
639.4266539151402,73.12678440786586,340750.45037946966,0
639.1814128881178,73.10337183097556,340750.45037946966,0
639.3880415211598,73.23414477402524,340750.45037946966,0
639.4071116446812,73.8692242512533,340750.45037946966,0
639.4547144473768,74.58241486837417,340750.45037946966,0
639.2172947689891,74.9223909010634,340750.45037946966,0
638.9271839567881,75.13722783666174,340750.45037946966,0
638.9831650733868,75.04018649438709,340750.45037946966,0
638.8776000223361,74.87534370645365,340750.45037946966,0
638.5172146178335,75.12568659316365,340750.45037946966,0
638.4840361146778,75.10870894704615,340750.45037946966,0
638.4529276103309,75.67945512678163,340750.45037946966,0
638.483914898003,76.27451238311613,340750.45037946966,0
638.6638343424189,76.81713418098077,340750.45037946966,0
639.0928665763845,76.7376524841945,340750.45037946966,0
639.4317812459003,76.585598475033,340750.45037946966,0
639.5752518427537,75.90249742518803,340750.45037946966,0
639.238954634897,75.62521524009101,340750.45037946966,0
638.9642001296734,75.08353164094966,340750.45037946966,0
638.2841978502679,75.64077957458906,340750.45037946966,0
637.8339884947253,75.95635177456667,340750.45037946966,0
637.5261062693452,76.25147485460793,340750.45037946966,0
637.4715685596348,76.04086861928432,340750.45037946966,0
637.6425625385644,75.5849264388782,340750.45037946966,0
637.6971681856835,75.17161752643767,340750.45037946966,0
637.5274112340683,75.17851277521392,340750.45037946966,0
637.4382081834639,75.75171242929841,340750.45037946966,0
637.513169378433,76.04459778980724,340750.45037946966,0
637.7538425309721,76.63143501068114,340750.45037946966,0
638.0861232318612,77.22943147165738,340750.45037946966,0
638.7554135861753,76.65830852360004,340750.45037946966,0
638.9179131479659,76.53645077172997,340750.45037946966,0
638.8768130628223,76.55165174049375,340750.45037946966,0
639.1295546164857,75.9162822808413,340750.45037946966,0
639.0674215120628,75.80656143656839,340750.45037946966,0
638.8161078890224,76.49753388925318,340750.45037946966,0
638.8745791809503,76.78478889488373,340750.45037946966,0
638.9995667967679,76.47115190101358,340750.45037946966,0
639.3788308566818,75.988311130463,340750.45037946966,0
639.7596612420766,75.17938759146497,340750.45037946966,0
639.8384856246937,74.17364636735266,340750.45037946966,0
640.0467072384052,73.32544755861994,340750.45037946966,0
639.6960224557057,73.8814379195096,340750.45037946966,0
639.5509834015825,74.19967397072259,340750.45037946966,0
638.9629527949909,75.89096619644219,340750.45037946966,0
638.3166980117363,77.05430575749328,340750.45037946966,0
637.7852950999036,77.5307680347494,340750.45037946966,0
637.3654040411948,77.64479865619155,340750.45037946966,0
637.3156267929232,78.00926468994211,340750.45037946966,0
637.0313723150869,78.53889239031116,340750.45037946966,0
637.1120309196397,77.95210300310173,340750.45037946966,0
637.3287645206112,78.07425257217594,340750.45037946966,0
637.6747540830582,77.72587940280688,340750.45037946966,0
638.1605861267115,77.02720546911723,340750.45037946966,0
639.1060389206295,75.92821765343454,340750.45037946966,0
639.4944638340424,75.82708083054526,340750.45037946966,0
639.5023767260471,76.1211432479192,340750.45037946966,0
639.4732244016462,76.2651947322732,340750.45037946966,0
639.2318079601953,76.0176947112169,340750.45037946966,0
638.9355553165344,75.87004458415248,340750.45037946966,0
638.1218050097808,76.28935581129794,340750.45037946966,0
637.8174492984709,76.39209413354948,340750.45037946966,0
637.6179936232226,76.43456466329756,340750.45037946966,0
638.0951107734224,75.87605307473042,340750.45037946966,0
638.7687452509948,75.66236250185104,340750.45037946966,0
638.7485407232786,75.89925754513554,340750.45037946966,0
638.3979776363661,75.92232903238722,340750.45037946966,0
638.6690820945888,76.3931520292518,340750.45037946966,0
638.7802957908958,76.54465183149982,340750.45037946966,0
639.0565386567409,76.2997809918831,340750.45037946966,0
639.6621633119181,75.3161331731655,340750.45037946966,0
639.5615915677308,75.04865048494757,340750.45037946966,0
639.4831927168623,75.09473048699878,340750.45037946966,0
639.4004282458345,74.74433082676325,340750.45037946966,0
639.1988026473454,74.58434048499731,340750.45037946966,0
639.539182349544,74.28397953762645,340750.45037946966,0
639.5415956874727,74.94921312467342,340750.45037946966,0
639.5240418367886,74.64838388961721,340750.45037946966,0
639.220866065916,74.27692566343507,340750.45037946966,0
638.5776465748304,74.28217388674409,340750.45037946966,0
638.1359852876798,74.52483380340755,340750.45037946966,0
638.1023736839613,74.32367088561932,340750.45037946966,0
638.1320193535363,74.02457718054451,340750.45037946966,0
638.6212963075452,74.11720294022835,340750.45037946966,0
639.2351340369732,74.57197885862722,340750.45037946966,0
639.4782404811226,74.38991930297956,340750.45037946966,0
639.3061704392852,74.22065586414953,340750.45037946966,0
639.1994915357701,74.00891386925194,340750.45037946966,0
639.2344172593586,73.79994114654028,340750.45037946966,0
638.8935507662416,73.93781013332186,340750.45037946966,0
638.455011194815,74.36670216877484,340750.45037946966,0
637.4391601429412,75.8223407187719,340750.45037946966,0
636.4967237185123,77.41138746531826,340750.45037946966,0
636.1118619213573,78.66007945331441,340750.45037946966,0
635.5972156461836,79.26665495927412,340750.45037946966,0
635.3448739579793,79.27938566454885,340750.45037946966,0
635.8895716378727,78.84667857707412,340750.45037946966,0
636.7175192697573,77.73317472199837,340750.45037946966,0
637.5299846501699,76.57332939516016,340750.45037946966,0
638.1301209681535,76.59044014711829,340750.45037946966,0
638.5709468335273,75.8708948968021,340750.45037946966,0
639.3619738475453,74.98280063568846,340750.45037946966,0
639.631889514799,74.62574764977603,340750.45037946966,0
639.596267120336,74.58835426347565,340750.45037946966,0
639.6204681407477,74.70172799115727,340750.45037946966,0
639.6807700093943,74.60014596977639,340750.45037946966,0
639.8932753972329,74.55005297938646,340750.45037946966,0
640.0789586359068,73.95418582508194,340750.45037946966,0
640.0906627056188,73.1843407427719,340750.45037946966,0
640.635673144437,71.96359650622452,340750.45037946966,0
640.68576130302,71.85797353943838,340750.45037946966,0
640.426132691609,72.86345528269618,340750.45037946966,0
639.7394112525,74.41337614275308,340750.45037946966,0
638.6418785658511,76.31486105552622,340750.45037946966,0
638.2020717164354,77.7617461139033,340750.45037946966,0
638.007143800987,78.73612008511317,340750.45037946966,0
637.951654150319,79.25063776497326,340750.45037946966,0
638.4227058758561,77.63864251280393,340750.45037946966,0
638.8709278713919,76.3740537352128,340750.45037946966,0
639.0196654374172,75.76641660916282,340750.45037946966,0
639.2865345842852,75.44782783685626,340750.45037946966,0
639.2798944169056,74.64694989558896,340750.45037946966,0
639.080502082584,73.46764207482768,340750.45037946966,0
638.9917345541094,72.60361551451524,340750.45037946966,0
638.7812485678775,72.06651132606865,340750.45037946966,0
639.1078706755228,71.38690656495875,340750.45037946966,0
639.2575168465443,71.2333627688622,340750.45037946966,0
639.2511975652305,71.74721815382398,340750.45037946966,0
638.7755030665375,72.67107841577726,340750.45037946966,0
638.8044967888436,73.84461189688005,340750.45037946966,0
638.9602732556143,74.7197508133916,340750.45037946966,0
638.4758803907711,75.37021555407847,340750.45037946966,0
638.3988793332222,75.72291208842854,340750.45037946966,0
638.1775594968354,76.18305767407905,340750.45037946966,0
637.4870594253468,77.81880931240212,340750.45037946966,0
637.2058428715945,78.84469463743325,340750.45037946966,0
636.5043697301193,79.97053897585835,340750.45037946966,0
636.5350491597318,80.07281717466262,340750.45037946966,0
636.561031158904,79.38744576939422,340750.45037946966,0
636.9354200273876,79.0788161585837,340750.45037946966,0
637.718599678481,78.4958857315285,340750.45037946966,0
638.7940674317156,77.35009069587746,340750.45037946966,0
639.3155545615356,76.59776488414275,340750.45037946966,0
639.6803604636868,75.42300543587528,340750.45037946966,0
640.24068573919,74.27526678522577,340750.45037946966,0
640.5514838710234,73.91569360282034,340750.45037946966,0
640.9586344742199,73.09771390266465,340750.45037946966,0
640.5616520608861,72.8171519450686,340750.45037946966,0
639.6549518370798,72.91458922769603,340750.45037946966,0
639.1265996165854,73.33219579272907,340750.45037946966,0
638.5879795689814,74.36090900171705,340750.45037946966,0
638.1374453721616,76.37550777527242,340750.45037946966,0
637.3419819143724,77.1653721874045,340750.45037946966,0
636.5161095069952,77.65843901415305,340750.45037946966,0
636.0474324270339,78.04744478196143,340750.45037946966,0
635.6316909600945,78.30480370405621,340750.45037946966,0
634.8386135782081,78.58658184333163,340750.45037946966,0
634.7307566858653,78.62734870430383,340750.45037946966,0
634.4229042405068,78.5940377526182,340750.45037946966,0
634.3440244770736,77.63311819416386,340750.45037946966,0
634.4933946914172,76.9265948967024,340750.45037946966,0
635.3343258134415,75.6113614009112,340750.45037946966,0
636.1526468030315,74.97690806543164,340750.45037946966,0
636.7724563444285,74.86639239099578,340750.45037946966,0
637.5370845045559,75.03095597457374,340750.45037946966,0
638.580308732207,74.99917837841063,340750.45037946966,0
639.2623286032647,75.4581152375489,340750.45037946966,0
640.0033026204362,74.87082256017145,340750.45037946966,0
640.4226989589255,74.16197260149335,340750.45037946966,0
640.3245751491496,73.91586397448529,340750.45037946966,0
640.3594227181883,73.70939292773949,340750.45037946966,0
640.029578752042,73.57467153777762,340750.45037946966,0
639.7314905706646,73.07188822644002,340750.45037946966,0
639.3619264868004,73.54043069837788,340750.45037946966,0
639.2819503796994,73.86552112569376,340750.45037946966,0
639.1556820696975,74.70057635064684,340750.45037946966,0
