891.2444031154857,886.4506569077828,2.3249727699886472E11,0
841.2586519113081,384.5856719359374,1.8481983903990884E11,0
762.9525611070243,342.69504401682997,7.155157848904288E10,2
641.2922003261907,288.8519731656791,7.872880174179539E9,6
553.9575057614965,236.4263708579681,9.483579576290808E8,12
519.2733797991386,199.5774163534907,8.470592302706693E7,20
529.6248788692367,177.74006886623218,3.5909552955991566E7,23
569.9282939169367,164.56115252262506,3.5909552955991566E7,16
623.2193927390446,153.6256571581774,3.5909552955991566E7,25
662.5174519371349,146.8983984469169,3.399057456943242E8,20
675.2684405372025,138.88964353609126,3.1405239387317363E7,22
664.6102260766071,130.46656846794926,1.0270339650410324E8,18
636.4206282464578,123.06538119863865,1.0270339650410324E8,22
597.272990832497,120.09843975043594,3.399057456943242E8,21
562.4751585858105,120.37727482743745,3.1405239387317363E7,21
535.4639788315684,124.83247516599533,3.1405239387317363E7,18
515.771880082421,131.7541169254965,1.3762235391341913E8,16
507.41573351944277,134.97353486729668,7.284758164782966E8,13
514.8074605507849,140.3404837003539,6.127637356383511E8,15
549.8859028346849,158.28574070465592,8.470592302706693E7,15
596.5213843434543,195.7841480196561,3.399057456943242E8,13
629.8091980043021,218.06859346391323,8.470592302706693E7,16
640.0346827596267,219.79696024936737,3.399057456943242E8,16
635.2882382044468,210.04137806441247,3.399057456943242E8,20
611.5749693847926,189.71009440915165,3.399057456943242E8,19
579.4737304189698,164.7944913270112,3.399057456943242E8,17
552.4263513046811,148.73520951760543,3.399057456943242E8,19
537.5346414374925,143.955558469896,3.399057456943242E8,15
528.4510713944281,140.11885117681484,3.399057456943242E8,14
535.0304435872303,141.96997353266488,3.399057456943242E8,11
548.8197426572086,139.54081234491358,3.399057456943242E8,16
566.0957111676263,139.99835464623013,3.399057456943242E8,13
582.0159488776476,136.74662504190616,8.470592302706693E7,14
592.6354966611726,137.8439985369149,3.399057456943242E8,12
585.549401112345,134.4544343612447,3.399057456943242E8,10
564.1329085650833,130.69475289478473,3.399057456943242E8,10
542.1015506847476,127.9613391008111,8.470592302706693E7,10
521.9832417354077,124.14645037719293,3.399057456943242E8,10
503.75756109858753,126.54456081986379,8.470592302706693E7,12
489.88141259950123,125.34669261069033,3.399057456943242E8,8
477.50922012060056,117.19901643825548,3.399057456943242E8,9
460.8190351987496,108.08189148730202,3.399057456943242E8,8
455.0982359881858,100.40113318023018,2.7410162756595124E7,9
451.78534724738523,100.48363139597848,3.5909552955991566E7,7
458.8822556923243,108.22776093891355,3.5909552955991566E7,9
472.78277559269816,124.00475863811774,3.399057456943242E8,9
482.90037055635565,134.50367528068446,3.5909552955991566E7,8
485.83204358946216,136.57642924878334,3.399057456943242E8,8
485.3508369130831,132.59242386186642,3.399057456943242E8,10
481.88864537557237,124.47555566715799,3.399057456943242E8,11
475.69286468865334,115.0695211519788,3.399057456943242E8,8
464.28949259194366,103.4956253869862,3.399057456943242E8,10
440.46251235206825,92.4666215201679,3.399057456943242E8,8
419.5767149737027,85.71312301509724,8.470592302706693E7,11
409.7709728008305,86.23570263089745,3.5909552955991566E7,11
417.88678971443954,93.95466203959623,8.470592302706693E7,10
419.1494061493867,106.72825636383803,8.470592302706693E7,9
436.34652043743444,104.15562440521714,8.470592302706693E7,6
439.77833936213347,105.95759652534844,8.470592302706693E7,6
442.01709365267277,100.51823844904767,8.470592302706693E7,7
439.45688670622593,91.91998136524279,8.470592302706693E7,8
435.42817776138014,85.15154706204137,8.470592302706693E7,9
426.7916636638396,82.24197542297684,8.470592302706693E7,4
448.7612758653139,106.32396661163125,8.470592302706693E7,5
482.97510996827674,127.65708355621268,7.070029024429766E8,5
499.1605856447493,137.35219292338377,7.070029024429766E8,4
509.1815005810478,145.59109846363276,7.070029024429766E8,4
505.65593384670774,134.9686367535502,7.070029024429766E8,3
499.90103009629047,123.06004607241441,7.070029024429766E8,3
494.3800885477927,113.69014784076664,5.016730277356098E8,3
484.0669088140165,102.6175581076609,7.070029024429766E8,4
470.74883777064423,93.86783567646859,7.070029024429766E8,4
456.5676668965049,86.78979967159573,7.070029024429766E8,3
443.3963957310742,83.27562528597589,7.070029024429766E8,4
437.7761102824356,81.71353348478794,7.070029024429766E8,4
435.53227898699714,81.5583751286976,7.070029024429766E8,5
444.04720458771516,87.77868334721155,7.070029024429766E8,4
466.91468193184363,111.54492220152245,7.070029024429766E8,3
485.24655590240496,136.07109037135336,7.070029024429766E8,3
491.754327894758,145.66628317879463,7.070029024429766E8,4
490.12728762426195,145.59892536817463,7.070029024429766E8,2
483.67434357834964,137.31189567588223,7.070029024429766E8,2
475.6684088329186,127.66491036769077,7.070029024429766E8,3
464.8400601771304,119.60500104924293,7.070029024429766E8,3
451.22549029853565,108.4212207166076,7.070029024429766E8,3
457.2026260674868,95.28598592240286,2.189739239975804E9,2
440.2555403135531,88.6500609861741,2.77201563474239E9,2
428.842135343353,83.21217300586962,1.196053616015278E9,5
422.9272040250123,83.26412805757313,8.41250115464432E8,3
405.1378700840292,103.07626583145782,1.9693346124276807E9,1
403.6523001913209,89.92178639813439,1.196053616015278E9,1
420.93792482273767,98.11237082114022,1.7790674739697673E9,1
451.48885323109323,113.18943021450558,1.7790674739697673E9,1
467.59558405829324,124.33484540032731,8.16718538671226E8,3
469.94644554280217,127.13979035561476,6.574284204108485E8,3
464.42791571744954,118.06459793096441,6.953159712602348E8,2
456.85550346939135,97.02789411792615,6.953159712602348E8,3
446.7032196158441,76.22750665376692,6.953159712602348E8,3
439.9502746665868,61.550922859140755,6.953159712602348E8,3
429.6006599159914,57.322669891251685,6.953159712602348E8,4
417.0558255253618,59.47232601076769,6.953159712602348E8,4
410.24373840487755,62.597618424041656,6.953159712602348E8,4
407.74950766086033,77.85381222818522,6.216498497997458E8,4
397.03815554422715,91.36707127736739,5.376850004944565E8,3
379.52058846461205,87.62933821451114,6.216498497997458E8,2
366.71952480855686,79.93923331320048,6.216498497997458E8,2
360.7422409688934,68.53722389243252,6.216498497997458E8,3
361.4011498094558,59.84664389802185,6.216498497997458E8,3
374.2559175466337,52.91465548553236,6.174939489716306E8,3
395.21416685145243,60.36197624389525,3.95895561907673E8,3
420.3167362184161,70.056014616213,5.336927184732471E8,2
430.18592519542466,76.65822781407967,3.95895561907673E8,3
438.2219880199137,82.61080957028936,3.95895561907673E8,3
457.7883965374975,80.5703204155455,3.95895561907673E8,2
445.00530808723926,69.72709116179132,2.2364767735459182E8,2
428.60043397372897,61.686131566403624,5.336927184732471E8,3
419.69751547362637,63.54823078417332,5.336927184732471E8,2
435.3059976864916,100.08410777065073,3.95895561907673E8,2
444.3157124189229,113.59416029849712,6.574284204108485E8,1
449.1233185240353,116.68514963375104,6.574284204108485E8,1
447.0490367220113,111.13355489834407,5.376850004944565E8,1
441.5034042615657,104.71892246115652,5.376850004944565E8,1
432.4597170969633,95.63839443457857,5.376850004944565E8,1
421.5594646878983,83.09831042200481,5.376850004944565E8,1
411.0329263995333,72.08516473988561,6.574284204108485E8,1
405.1008409522405,61.92769153189159,5.376850004944565E8,2
416.0947040335193,58.14644712594705,5.336927184732471E8,2
452.16160429115274,84.69637051743597,4.937072268432511E8,2
492.2831095035618,103.45151700804388,5.336927184732471E8,1
531.2860158050431,108.2668587248723,5.336927184732471E8,1
547.9083665016799,111.29634621419967,5.336927184732471E8,1
544.6439352862278,103.30060353837382,3.73967316008259E8,2
528.961509817256,91.1456304500912,4.937072268432511E8,1
502.89409832018697,73.09460951258556,5.336927184732471E8,2
471.3625407268164,60.48778812023413,4.679391356611376E8,2
466.0291381060434,63.50296812905905,4.679391356611376E8,2
464.41279396325376,108.87022217419153,4.679391356611376E8,2
458.5055997266055,132.49867053006483,6.383520553318053E8,0
453.48113410714876,127.48568584379413,5.336927184732471E8,1
440.3308246454574,113.74641163256052,4.679391356611376E8,2
426.4647947317108,100.13241899485948,5.336927184732471E8,1
423.2117272628127,71.63315644618537,4.679391356611376E8,1
427.15739766408626,59.3777114728289,4.679391356611376E8,1
444.40744285747985,72.54883200182908,4.679391356611376E8,2
507.5654794801788,97.21298454230293,6.383520553318053E8,0
500.01293034840126,100.66506974392395,6.041154604197509E8,0
487.4451486888844,97.03388214478599,5.189149950450917E8,0
467.83075271426645,85.33961582608332,4.7306104302889705E8,0
442.3646163524522,67.03740703739777,1.6922057084624276E8,2
421.64892593572,51.7717713248279,1.6922057084624276E8,1
413.1745466501897,41.54378011618235,1.6922057084624276E8,1
418.8017173313581,52.35451271349266,1.6922057084624276E8,1
426.57290288220673,71.48035807167425,1.6922057084624276E8,2
438.0762486744158,85.43640572956386,2.2364767735459182E8,1
465.97950979497233,103.62023771889069,4.325175141135149E8,0
479.78331770476495,120.98555077293923,4.325175141135149E8,0
481.09985331734094,129.20381142751884,4.325175141135149E8,0
473.29003463661684,128.14231529112797,1.6922057084624276E8,1
457.3034374168076,114.8018460882803,1.6922057084624276E8,1
441.461875148689,97.31992537818175,1.6922057084624276E8,1
423.7724540143984,71.95758530926534,1.6922057084624276E8,1
414.4695925503342,54.61248739903011,2.2364767735459182E8,2
408.5705526610666,49.12476885003927,2.2364767735459182E8,1
366.2102292478998,65.31703653209934,1.6922057084624276E8,1
348.50779937168295,69.13614343980926,3.9609833788358676E8,0
344.28619796130835,68.31882806822534,1.5264948328398338E8,1
340.5135172939757,66.01707223099778,1.5264948328398338E8,1
347.77392160434545,49.913287204234805,1.5264948328398338E8,1
372.50120826715545,39.26817870024544,1.0999351605144519E8,1
439.02579546414563,47.39576549983556,3.9609833788358676E8,0
434.4021584339493,45.46945181756803,3.9609833788358676E8,0
431.40131660191577,44.1958905365153,3.9609833788358676E8,0
429.33290995556604,41.9660147436106,3.9609833788358676E8,0
427.797763370075,40.08056816539914,3.9609833788358676E8,0
427.3601565466188,38.09047823908918,3.878103376227633E8,0
427.3442519710872,35.96935792388684,3.787468394616432E8,0
426.6495835543289,33.55349610531501,3.7352510972845495E8,0
425.3253024770577,31.985613163803233,3.7046108737475675E8,0
423.5947054294282,30.63728637435531,3.6864934705772376E8,0
421.8930102752787,29.284153197498533,3.675709017310508E8,0
420.82904506768153,27.8268994529135,3.669275543503034E8,0
420.6378496383437,27.193453064988272,3.665425271978246E8,0
420.5088100572046,27.514605314713826,3.6631199032275367E8,0
421.0714538288735,27.613063319347475,3.661738464666056E8,0
422.8535571045951,27.824401232157776,3.660910038950392E8,0
425.5765885584879,28.765368819670417,3.660413208468203E8,0
427.21392620858273,29.372717311986538,3.6601152008163357E8,0
428.17841504947484,29.044260380085486,3.659936411350661E8,0
427.8502838567348,28.416776299362127,3.6598291487050307E8,0
428.6089089322676,28.485852757726224,3.6597647965955836E8,0
428.3899434916262,28.46746031148298,3.6597261850931156E8,0
427.7564487469947,29.0329694447229,3.659703019156153E8,0
428.6779965623899,29.732096496964303,3.659689119585329E8,0
429.83664662630486,32.179461447503776,3.659680780065245E8,0
430.61084556665975,33.936170460188315,3.659675776230003E8,0
431.6340308357896,35.17371895838152,3.6596727740463257E8,0
431.8610801426818,35.24182726846461,3.659670972672858E8,0
432.0960143382786,35.646026842276214,3.659669891865151E8,0
431.3693247469573,35.42192101828992,3.659669243384411E8,0
431.3109005049503,35.035797407831964,3.659668854292554E8,0
431.79434903437345,35.09983640382765,3.659668620841019E8,0
432.75916500972403,35.63670912077941,3.6596684807665807E8,0
432.28516491522845,34.98300192786921,3.6596683967254573E8,0
431.0602084219995,34.75280580683271,3.659668346298643E8,0
429.87242082495135,34.58367278358668,3.659668316042555E8,0
428.95841801366623,33.670763108756816,3.659668297889603E8,0
429.2630526120074,32.802360503798944,3.659668286997411E8,0
428.5442184837772,31.620403372194165,3.659668280462148E8,0
429.00671974453144,31.538274044612006,3.6596682765410775E8,0
428.13115147809395,31.70199623167586,3.6596682741883624E8,0
428.75846538383024,32.18671188239159,3.659668272776781E8,0
430.18688344563554,32.722341696336905,3.659668271929804E8,0
431.03582855312715,32.45412820658846,3.6596682714216304E8,0
432.4698232851412,32.50324466882039,3.6596682711167186E8,0
433.4815172144486,32.332519146251784,3.6596682709337795E8,0
433.6116482666246,31.531044759581395,3.659668270824011E8,0
432.6899857954072,31.34715781572159,3.659668270758151E8,0
432.4025340502274,31.28014157420081,3.6596682707186353E8,0
431.7174240627061,31.74816376404205,3.659668270694926E8,0
430.4215040120742,31.081406736339744,3.6596682706807005E8,0
429.2069769060523,29.85400311146033,3.659668270672166E8,0
428.5857170057827,29.166953037025632,3.6596682706670433E8,0
427.8492576391347,28.719601170965387,3.6596682706639695E8,0
428.0847201740144,27.96982870634247,3.659668270662126E8,0
428.13648917860223,26.858248881231187,3.65966827066102E8,0
428.20959740392516,26.682956757600557,3.6596682706603557E8,0
427.22324269893085,25.921043861669773,3.6596682706599575E8,0
427.39657223585397,26.691621316592407,3.659668270659718E8,0
428.6326453250065,27.85931607142124,3.659668270659575E8,0
429.4068627194692,28.45511086949864,3.659668270659489E8,0
430.5973996778108,29.676731660283664,3.659668270659438E8,0
431.90362105973617,31.439551294177367,3.6596682706594056E8,0
431.71957270039945,31.806065445486194,3.6596682706593865E8,0
431.2310074615685,32.39495365771892,3.659668270659376E8,0
430.90796001946217,33.04665971112552,3.6596682706593686E8,0
429.1572522547646,33.67976464334712,3.6596682706593657E8,0
428.2829346168536,32.59742651589356,3.659668270659363E8,0
426.3582402562866,31.521904956568637,3.659668270659361E8,0
424.710826952918,30.044333392022395,3.65966827065936E8,0
424.1635916000506,28.199790707857684,3.659668270659359E8,0
424.26002102760606,26.646917217922482,3.659668270659359E8,0
426.2011552981325,26.097341738886968,3.659668270659359E8,0
427.4941814209115,26.42870182958763,3.659668270659359E8,0
427.61852628553874,27.210230641363164,3.659668270659359E8,0
428.6931242112096,27.630575221367142,3.659668270659359E8,0
429.1836480100012,28.26925931277881,3.659668270659359E8,0
428.61097915953155,27.089980713316855,3.659668270659359E8,0
427.45622716864824,26.64989890066121,3.659668270659359E8,0
426.39974481617,26.402185947824393,3.659668270659359E8,0
426.0534295124824,26.764382167022962,3.659668270659359E8,0
426.2276294745484,27.40011904314813,3.659668270659359E8,0
426.85684866502874,28.452050557626627,3.659668270659359E8,0
426.657996620929,28.364024617865574,3.659668270659359E8,0
428.21562693999573,28.969683339727425,3.659668270659359E8,0
428.0719678255757,29.472045270660285,3.659668270659359E8,0
429.36270707036994,30.431096157313196,3.659668270659359E8,0
430.88020288215637,31.49436416751709,3.659668270659359E8,0
431.30772526335323,31.93320002457257,3.659668270659359E8,0
430.9310746922655,32.33181789264667,3.659668270659359E8,0
429.9596539254654,32.748071010029896,3.659668270659359E8,0
430.14781837743305,32.99558454876583,3.659668270659359E8,0
429.3844816250065,32.52421685769422,3.659668270659359E8,0
427.7836497882239,31.704058201307948,3.659668270659359E8,0
426.97873398500315,30.829020594203314,3.659668270659359E8,0
425.9457261739287,31.057836227739728,3.659668270659359E8,0
425.40480988053355,31.863846662482956,3.659668270659359E8,0
425.33021607451616,31.27331710437008,3.659668270659359E8,0
425.62385278448573,30.916259122399545,3.659668270659359E8,0
425.08243038606054,29.8804763185203,3.659668270659359E8,0
425.2432820486807,28.345558365318066,3.659668270659359E8,0
424.9646872704931,26.844620827601837,3.659668270659359E8,0
424.4677362256198,27.050260225988406,3.659668270659359E8,0
425.42645857791854,27.38110234966007,3.659668270659359E8,0
426.6510795495417,28.026049647148863,3.659668270659359E8,0
427.96526893986237,29.186804178397452,3.659668270659359E8,0
428.9247833280608,29.37728656292742,3.659668270659359E8,0
429.23832070546666,28.411171239737364,3.659668270659359E8,0
429.6064416870781,28.595996152562144,3.659668270659359E8,0
429.78100747293956,29.649445594555242,3.659668270659359E8,0
430.0113982106473,30.486873923437464,3.659668270659359E8,0
428.8134710607307,30.735853069130794,3.659668270659359E8,0
427.97472150341497,31.197314747869804,3.659668270659359E8,0
426.66062371964153,32.07659772091778,3.659668270659359E8,0
426.819953558697,33.32843218105478,3.659668270659359E8,0
427.5196627615284,33.861503863410036,3.659668270659359E8,0
428.12240451268656,33.34381596216371,3.659668270659359E8,0
428.3319665632573,33.6052489770153,3.659668270659359E8,0
428.9875747643178,33.281628578356745,3.659668270659359E8,0
428.95734571449344,32.869742530151754,3.659668270659359E8,0
428.4230951305836,32.20354195479832,3.659668270659359E8,0
427.7774230835678,31.461989335065574,3.659668270659359E8,0
427.1123217797564,29.740906252403683,3.659668270659359E8,0
427.33188487407944,29.533009135183832,3.659668270659359E8,0
428.55288647209164,30.060100385352538,3.659668270659359E8,0
430.17762958026634,30.764532594707518,3.659668270659359E8,0
432.1540096685348,32.07893016577782,3.659668270659359E8,0
434.4090941880218,33.21972242890077,3.659668270659359E8,0
435.51512125279663,33.82245814429756,3.659668270659359E8,0
436.3275759275945,33.52068607625309,3.659668270659359E8,0
435.36374980960665,32.3554403854916,3.659668270659359E8,0
433.6435292962794,31.6009072294617,3.659668270659359E8,0
432.52657194558685,31.043912634307766,3.659668270659359E8,0
431.2540914497584,30.94135941458506,3.659668270659359E8,0
430.16225525189964,30.870926871924645,3.659668270659359E8,0
428.3888295216791,30.623590007860475,3.659668270659359E8,0
426.23485683108413,29.125829054273467,3.659668270659359E8,0
425.3298812586264,27.331659246230277,3.659668270659359E8,0
424.9225691259211,27.2848353451802,3.659668270659359E8,0
424.89455757804365,27.321738873119468,3.659668270659359E8,0
425.7420906987369,28.82406250282211,3.659668270659359E8,0
428.31032558444053,30.29584848165135,3.659668270659359E8,0
430.9911022762271,30.920986005311505,3.659668270659359E8,0
433.09326041437316,32.67616149084256,3.659668270659359E8,0
433.95025215106295,33.767094177297125,3.659668270659359E8,0
433.2322268546706,32.99913630171269,3.659668270659359E8,0
431.64199488364665,32.27664076919947,3.659668270659359E8,0
429.8606427288129,31.676065408871615,3.659668270659359E8,0
429.01577239897233,31.823020922247025,3.659668270659359E8,0
429.3272006155055,32.53407617761691,3.659668270659359E8,0
429.12108119195494,31.994470007523496,3.659668270659359E8,0
428.9700223673219,31.711491993180797,3.659668270659359E8,0
429.23367523563576,32.439853611099466,3.659668270659359E8,0
430.5630040908931,33.61004528278099,3.659668270659359E8,0
430.9326701066171,34.135839567354445,3.659668270659359E8,0
430.9583522797516,34.085011463760836,3.659668270659359E8,0
431.6687340210687,34.70437992923829,3.659668270659359E8,0
430.93337602808424,34.06722017370262,3.659668270659359E8,0
429.28190643551704,32.59247777007282,3.659668270659359E8,0
427.8734839304624,31.30880684357243,3.659668270659359E8,0
425.97148130384784,30.101174389947367,3.659668270659359E8,0
424.53587123973796,29.324044822458774,3.659668270659359E8,0
424.4255813221679,28.636789803473697,3.659668270659359E8,0
424.75785022535945,27.86572671418725,3.659668270659359E8,0
426.057997762133,28.5172934293333,3.659668270659359E8,0
426.19694013097495,29.459142199685605,3.659668270659359E8,0
425.8247063702886,30.306630850318346,3.659668270659359E8,0
425.0349465825898,29.41085596115203,3.659668270659359E8,0
425.03832203759106,28.422820543658695,3.659668270659359E8,0
426.4221708759178,29.437442604463882,3.659668270659359E8,0
427.4034816539822,29.65117899407179,3.659668270659359E8,0
429.1640564014023,30.846622488130947,3.659668270659359E8,0
430.28249544633206,31.758230672340023,3.659668270659359E8,0
431.8292064451309,32.73840341905164,3.659668270659359E8,0
432.3940103596315,33.1936118842132,3.659668270659359E8,0
433.0087365201588,32.95703495755554,3.659668270659359E8,0
432.6898051402525,32.20761113071824,3.659668270659359E8,0
431.660579010945,31.008715093748325,3.659668270659359E8,0
431.1534871773131,31.476431946039906,3.659668270659359E8,0
431.04011937654707,33.424427075226966,3.659668270659359E8,0
429.5869610443252,34.01410217381302,3.659668270659359E8,0
428.3774166552307,35.29178052513078,3.659668270659359E8,0
426.1146532602729,36.07118748169708,3.659668270659359E8,0
424.6631851153681,37.42021085271401,3.659668270659359E8,0
424.8512100497682,37.695367262093725,3.659668270659359E8,0
426.0538874409183,38.827142350176345,3.659668270659359E8,0
426.78940827792024,37.94752090259062,3.659668270659359E8,0
426.0507746816601,36.9723934365732,3.659668270659359E8,0
426.1200109211505,34.60371523469089,3.659668270659359E8,0
426.5317001566861,32.93541493608696,3.659668270659359E8,0
426.7586226716369,32.20200557147937,3.659668270659359E8,0
427.1860052669316,31.71257701039019,3.659668270659359E8,0
427.7291858112907,30.21944575310492,3.659668270659359E8,0
428.6789348814481,28.561898521477133,3.659668270659359E8,0
430.4253073932643,27.750063649785517,3.659668270659359E8,0
432.24587077390646,28.06448529913274,3.659668270659359E8,0
433.9255392153215,28.73140177506749,3.659668270659359E8,0
433.52997073031804,28.479524869940402,3.659668270659359E8,0
432.0727084271629,28.33547602126868,3.659668270659359E8,0
429.46219277915515,27.578292872024036,3.659668270659359E8,0
428.6726268101806,28.38274511255382,3.659668270659359E8,0
427.84425926161646,30.006472418314964,3.659668270659359E8,0
426.5123329576732,30.293766159151936,3.659668270659359E8,0
424.4532396214672,30.928094016516074,3.659668270659359E8,0
424.8233338036897,32.171857079685395,3.659668270659359E8,0
425.9339927607408,32.5000980506376,3.659668270659359E8,0
427.62654527939475,32.18181452452272,3.659668270659359E8,0
429.46564302430573,32.50330459744483,3.659668270659359E8,0
429.74402994978857,32.60242380306164,3.659668270659359E8,0
429.9381362412166,32.74951222625467,3.659668270659359E8,0
429.06913620773264,33.12088979033549,3.659668270659359E8,0
427.93567603038144,32.96768032299279,3.659668270659359E8,0
426.9260146570442,32.38449995206023,3.659668270659359E8,0
426.75981066474407,32.00475841371108,3.659668270659359E8,0
426.962881253597,32.57636642130687,3.659668270659359E8,0
426.8686852648626,32.617077160605646,3.659668270659359E8,0
427.18461388031335,32.65495346097677,3.659668270659359E8,0
427.04233079523044,31.35020141611192,3.659668270659359E8,0
426.4986598572644,29.927359898933414,3.659668270659359E8,0
427.1982567542931,30.484337261315464,3.659668270659359E8,0
427.70246935894494,31.02199444758865,3.659668270659359E8,0
428.0510477218706,30.35855487935094,3.659668270659359E8,0
427.39944287314245,29.518348019484854,3.659668270659359E8,0
427.40703566019135,28.938985360719784,3.659668270659359E8,0
427.74469675840686,27.912880632301988,3.659668270659359E8,0
427.51525478255184,27.382787115840337,3.659668270659359E8,0
428.0219262978715,26.830598223250366,3.659668270659359E8,0
428.289924573064,26.223607561768215,3.659668270659359E8,0
429.5382847551292,26.004472088802814,3.659668270659359E8,0
430.5919192115772,26.679366615188698,3.659668270659359E8,0
430.09350734858623,27.777294941501616,3.659668270659359E8,0
429.7154788284973,29.750960281310373,3.659668270659359E8,0
429.2132708225667,32.06440313771893,3.659668270659359E8,0
428.25236882108777,33.60291423008906,3.659668270659359E8,0
428.42190660440065,35.91235740086913,3.659668270659359E8,0
428.22025544719713,36.59932559662034,3.659668270659359E8,0
428.6930026126721,37.65843389374653,3.659668270659359E8,0
429.7552093821326,38.76921892840986,3.659668270659359E8,0
429.19734782440116,37.31563535034753,3.659668270659359E8,0
428.2409474299353,34.76067189800212,3.659668270659359E8,0
428.09493357578253,33.00916890121095,3.659668270659359E8,0
428.6869573333705,31.37334339468333,3.659668270659359E8,0
430.0180090980329,31.237608250163767,3.659668270659359E8,0
431.97078107688634,31.05593699605365,3.659668270659359E8,0
432.4242401794258,31.59145958394963,3.659668270659359E8,0
431.51251716319814,30.94406317656015,3.659668270659359E8,0
431.3627277159175,29.940413155496667,3.659668270659359E8,0
431.115541215432,30.497955404492902,3.659668270659359E8,0
430.7944966840598,30.7113701685878,3.659668270659359E8,0
430.9829826257257,31.149769224284167,3.659668270659359E8,0
430.4950389003529,31.733563771615316,3.659668270659359E8,0
430.9037703159407,33.76148902142026,3.659668270659359E8,0
431.065361593269,35.111741303419855,3.659668270659359E8,0
430.01362415320125,34.97780595058301,3.659668270659359E8,0
428.20631389470236,34.93620857088923,3.659668270659359E8,0
427.04194647432627,35.08269203293746,3.659668270659359E8,0
427.4505377899755,35.094405675309964,3.659668270659359E8,0
429.0522494697295,35.40203592912492,3.659668270659359E8,0
430.41957267759665,34.5645790008266,3.659668270659359E8,0
431.6469125015001,34.00723633751209,3.659668270659359E8,0
431.86291033500044,33.381023521993924,3.659668270659359E8,0
432.2944561045113,33.61658187696253,3.659668270659359E8,0
432.3883654486481,33.68521794392647,3.659668270659359E8,0
432.02175191075,34.30504231713767,3.659668270659359E8,0
432.4300185575553,34.92540549809936,3.659668270659359E8,0
431.8714419871646,35.340017181306905,3.659668270659359E8,0
429.6687194156964,34.39103898911055,3.659668270659359E8,0
428.1076234471736,34.170150176511704,3.659668270659359E8,0
426.0049643700235,32.16110940144695,3.659668270659359E8,0
424.1070463474947,30.63565442482316,3.659668270659359E8,0
422.9323244053444,30.975989585454844,3.659668270659359E8,0
422.3266347457483,31.106940372594632,3.659668270659359E8,0
423.86684461369555,31.71889886748438,3.659668270659359E8,0
425.3062699057562,31.8843071574304,3.659668270659359E8,0
425.59504686460065,31.151889044801724,3.659668270659359E8,0
425.6844217336616,29.477805743115866,3.659668270659359E8,0
425.74278129461356,29.218332903002803,3.659668270659359E8,0
424.81364059377273,28.9716338110618,3.659668270659359E8,0
424.6255570624033,28.886952600280495,3.659668270659359E8,0
425.13845254459955,28.058269264354653,3.659668270659359E8,0
425.8935269933047,27.670033595972736,3.659668270659359E8,0
427.7462232726172,29.11938366579401,3.659668270659359E8,0
429.23948414122475,29.22909869959167,3.659668270659359E8,0
429.8492332161747,30.023554990913148,3.659668270659359E8,0
431.1387495056439,31.67888874755815,3.659668270659359E8,0
431.11356297513584,32.586349434408184,3.659668270659359E8,0
431.5786196393059,32.92177356486878,3.659668270659359E8,0
431.845407543548,32.40355064001383,3.659668270659359E8,0
432.2516872910546,33.27675811944375,3.659668270659359E8,0
432.9271722822723,33.70146132349857,3.659668270659359E8,0
433.3326129039623,35.15345982432135,3.659668270659359E8,0
433.51893283089515,35.90638824555068,3.659668270659359E8,0
434.09922401877975,36.83093106142952,3.659668270659359E8,0
433.53153150133403,36.426679913610236,3.659668270659359E8,0
432.9285322310629,35.211261578001746,3.659668270659359E8,0
430.7297912138276,33.57603376752732,3.659668270659359E8,0
429.81721205033983,33.22923760226597,3.659668270659359E8,0
428.7578829127585,31.570820234528824,3.659668270659359E8,0
426.90517850276996,29.94822447819076,3.659668270659359E8,0
426.1291568993117,28.553726275309,3.659668270659359E8,0
426.25748714170305,27.577043484768414,3.659668270659359E8,0
427.70563315896896,26.95563085937252,3.659668270659359E8,0
428.83003806822404,27.172137343459866,3.659668270659359E8,0
429.2518836393353,27.937216377897112,3.659668270659359E8,0
430.8290627292054,29.484139948618242,3.659668270659359E8,0
431.2730828760268,29.804476628387985,3.659668270659359E8,0
431.84249562192844,30.038695180178866,3.659668270659359E8,0
431.9607048576098,29.597626438819407,3.659668270659359E8,0
431.6662520349729,29.691891459867282,3.659668270659359E8,0
430.8632730931593,29.615917333799622,3.659668270659359E8,0
429.46110089642804,30.28235944368202,3.659668270659359E8,0
428.32885566710974,32.259847452093425,3.659668270659359E8,0
428.37554230266693,33.740092780766155,3.659668270659359E8,0
428.67441982548314,34.380996678722276,3.659668270659359E8,0
428.35208140987004,33.57947052369751,3.659668270659359E8,0
428.40332614083735,33.802748655009474,3.659668270659359E8,0
427.97837964833053,32.660132611624455,3.659668270659359E8,0
428.57799528156846,31.811428806699716,3.659668270659359E8,0
429.4756406759181,31.72068281045264,3.659668270659359E8,0
430.8982720107967,31.557575873803472,3.659668270659359E8,0
431.4218796905003,31.3640324353954,3.659668270659359E8,0
431.2681340827452,31.607008165983068,3.659668270659359E8,0
430.62593378099604,32.030724780192735,3.659668270659359E8,0
429.1797322269802,32.283504944977544,3.659668270659359E8,0
427.94690626144035,33.12442389349569,3.659668270659359E8,0
427.71999044460665,34.10611587139529,3.659668270659359E8,0
428.20185466721347,34.152751766969,3.659668270659359E8,0
427.4619041237272,32.850735392344596,3.659668270659359E8,0
427.911991573622,33.805187467276966,3.659668270659359E8,0
429.3610310398962,33.39325249551848,3.659668270659359E8,0
429.5643283413419,32.069059996441624,3.659668270659359E8,0
429.7002138636049,30.77234206592012,3.659668270659359E8,0
429.66450326128836,30.830565728331294,3.659668270659359E8,0
429.77190967335804,31.688765806741344,3.659668270659359E8,0
429.09208102033193,31.945135282569318,3.659668270659359E8,0
428.86706865722806,32.10768913700812,3.659668270659359E8,0
428.5543508893885,31.356336306108673,3.659668270659359E8,0
428.62620833075965,31.043776797456015,3.659668270659359E8,0
428.21851267706586,31.161034890956497,3.659668270659359E8,0
428.43506377359233,31.178823243112692,3.659668270659359E8,0
429.2022053115362,32.04938508563506,3.659668270659359E8,0
430.2067063279934,32.87663946688732,3.659668270659359E8,0
430.67586762935315,33.933691955050016,3.659668270659359E8,0
430.8035422156174,34.14379222346946,3.659668270659359E8,0
431.0988912537246,34.33029747252811,3.659668270659359E8,0
430.52553181283474,33.661051843045065,3.659668270659359E8,0
429.6564981800389,32.1283679705063,3.659668270659359E8,0
428.6740022485158,31.2108082248072,3.659668270659359E8,0
428.21175256925477,30.46726730602163,3.659668270659359E8,0
427.8915146529104,30.06247850786232,3.659668270659359E8,0
427.27819898577513,30.133169967299384,3.659668270659359E8,0
425.46440026566376,29.78465385460234,3.659668270659359E8,0
424.3741663671875,28.73884386676824,3.659668270659359E8,0
423.8602255588859,27.623829339387534,3.659668270659359E8,0
424.9019096176888,27.722531823113364,3.659668270659359E8,0
426.64232852455496,27.867560909139645,3.659668270659359E8,0
427.41131747406564,28.344763038494154,3.659668270659359E8,0
427.96251527682455,29.4483801198221,3.659668270659359E8,0
428.8836502336216,30.93993358380544,3.659668270659359E8,0
430.02979418621766,30.9068274219857,3.659668270659359E8,0
430.70769189522304,31.646335938282228,3.659668270659359E8,0
431.64106620761214,31.24390531148362,3.659668270659359E8,0
432.4634900400066,30.445434247982835,3.659668270659359E8,0
432.34787137320404,28.663026785471608,3.659668270659359E8,0
431.11678525183794,26.856034701338782,3.659668270659359E8,0
429.53547529982274,25.610849710551793,3.659668270659359E8,0
428.3454709631666,25.130257259752423,3.659668270659359E8,0
427.9448481514276,26.7204866167241,3.659668270659359E8,0
428.01084017725265,28.404845774598343,3.659668270659359E8,0
429.4741287303503,28.985315223136173,3.659668270659359E8,0
430.27106520114455,29.411231442697805,3.659668270659359E8,0
430.55034466716296,30.061787417538184,3.659668270659359E8,0
430.22227430767737,30.733301270635206,3.659668270659359E8,0
430.2191344244604,31.1437748698977,3.659668270659359E8,0
431.00154902662314,31.652837505008883,3.659668270659359E8,0
432.7293881083264,32.190738810929915,3.659668270659359E8,0
432.94316904149775,31.96054659325522,3.659668270659359E8,0
431.3071302322363,31.243604153900396,3.659668270659359E8,0
430.46973376012437,30.286644966394107,3.659668270659359E8,0
430.243542802237,29.93457738525912,3.659668270659359E8,0
430.6241672462423,30.65722713401094,3.659668270659359E8,0
430.94424014102225,31.21496819663616,3.659668270659359E8,0
430.8013253695641,32.43657960185358,3.659668270659359E8,0
431.1602324166235,34.64802037146535,3.659668270659359E8,0
430.3745850448823,36.11446658311929,3.659668270659359E8,0
429.9670583961329,36.75390170483576,3.659668270659359E8,0
429.0960179225964,35.65032818555172,3.659668270659359E8,0
429.7309352730556,35.247847704059566,3.659668270659359E8,0
430.7650268015063,34.44274722048624,3.659668270659359E8,0
431.0560085734396,32.57331152097418,3.659668270659359E8,0
429.27461225151563,30.626317780431343,3.659668270659359E8,0
427.53192718823124,28.482645558548526,3.659668270659359E8,0
425.85797910902284,27.13589358065151,3.659668270659359E8,0
425.4690021360091,25.74573640186569,3.659668270659359E8,0
425.1629555307973,25.71587015064734,3.659668270659359E8,0
425.9423580229842,25.323062130878302,3.659668270659359E8,0
426.0048214041984,25.969768964453205,3.659668270659359E8,0
425.52425983202187,25.513145358155032,3.659668270659359E8,0
425.3562797207882,25.50108398014996,3.659668270659359E8,0
425.6708206002363,26.513154651739324,3.659668270659359E8,0
426.44800960827865,27.397398135394837,3.659668270659359E8,0
426.3578361597505,27.134540808440264,3.659668270659359E8,0
426.2498637300053,27.193558809621663,3.659668270659359E8,0
427.3128108506738,27.883411250187866,3.659668270659359E8,0
429.2811187881819,28.89510784486762,3.659668270659359E8,0
429.80617039286085,30.253688930446728,3.659668270659359E8,0
430.5736391615897,31.564483713927814,3.659668270659359E8,0
431.34607070742527,32.58238368744019,3.659668270659359E8,0
432.47762838967174,33.4882701083809,3.659668270659359E8,0
433.9402438854807,34.91823813020386,3.659668270659359E8,0
434.0095873550949,35.39699173966376,3.659668270659359E8,0
434.10856132485213,35.44830723520314,3.659668270659359E8,0
433.47400416122014,35.032978754013236,3.659668270659359E8,0
431.59540968553074,33.123373989631034,3.659668270659359E8,0
430.5719154396845,32.30767058412694,3.659668270659359E8,0
429.2832815260903,32.04071674178359,3.659668270659359E8,0
427.8635098492994,31.15452706020923,3.659668270659359E8,0
426.0926447810781,30.35773350272042,3.659668270659359E8,0
424.15881762191646,29.380253100274103,3.659668270659359E8,0
424.02319253653843,28.70338172399156,3.659668270659359E8,0
424.8986836533238,28.89531163067512,3.659668270659359E8,0
426.5567394315558,28.713537914152337,3.659668270659359E8,0
428.0639746561609,28.722476961265073,3.659668270659359E8,0
429.34135691315805,29.68789261212034,3.659668270659359E8,0
430.86762759747563,30.386607308121654,3.659668270659359E8,0
432.48539430768756,31.05010171580371,3.659668270659359E8,0
433.1993857882104,31.315257844004126,3.659668270659359E8,0
432.69948898326464,30.532977616036124,3.659668270659359E8,0
431.182344610896,28.81337462561812,3.659668270659359E8,0
430.8183606310824,28.479049093980848,3.659668270659359E8,0
430.94426172018433,28.112643172899233,3.659668270659359E8,0
431.1352917334791,28.086191915526936,3.659668270659359E8,0
430.5764946947839,28.367694471165553,3.659668270659359E8,0
430.24419131092407,28.682170635264104,3.659668270659359E8,0
428.4962835601606,28.520184020720286,3.659668270659359E8,0
426.8449015677898,29.80486223741243,3.659668270659359E8,0
425.60348951929825,30.800475207797483,3.659668270659359E8,0
424.26129311177664,31.264495322115568,3.659668270659359E8,0
424.6048271773299,32.15027581915995,3.659668270659359E8,0
425.3638427335316,33.29253062128066,3.659668270659359E8,0
427.05123463326555,35.58033831860711,3.659668270659359E8,0
427.50776696276216,36.911747284615814,3.659668270659359E8,0
427.08554214183977,37.040220967002405,3.659668270659359E8,0
426.86846062384785,36.52349905799912,3.659668270659359E8,0
425.7115901059456,35.05391161572562,3.659668270659359E8,0
424.60072635035436,32.38431474571473,3.659668270659359E8,0
423.81614842550925,31.015390846363285,3.659668270659359E8,0
422.7501767792812,30.460600214905888,3.659668270659359E8,0
422.0366731790641,30.815469378449933,3.659668270659359E8,0
422.4173938805846,30.609196431182475,3.659668270659359E8,0
424.5451430922937,31.011283995586993,3.659668270659359E8,0
426.11642277231874,31.61711424130125,3.659668270659359E8,0
427.41938197169105,30.654703997010532,3.659668270659359E8,0
427.3461255943228,30.271045673748358,3.659668270659359E8,0
428.0120972590087,30.137359287963662,3.659668270659359E8,0
428.23366222658024,30.30465539385615,3.659668270659359E8,0
428.8699029530514,31.351608943783916,3.659668270659359E8,0
428.5610074893012,31.912425753174926,3.659668270659359E8,0
428.18332155240876,31.481369743401764,3.659668270659359E8,0
427.6855010409713,31.44201552290176,3.659668270659359E8,0
426.2740148772411,31.044620829457003,3.659668270659359E8,0
425.5649998978196,29.99964402947889,3.659668270659359E8,0
425.85326239751447,29.292881206755304,3.659668270659359E8,0
425.2813687963784,28.774149855681163,3.659668270659359E8,0
425.7855276109848,28.883274791944576,3.659668270659359E8,0
425.6654250878523,29.302863228776708,3.659668270659359E8,0
425.19624368870126,29.31199430517685,3.659668270659359E8,0
424.87057274999637,29.29913206099207,3.659668270659359E8,0
425.12206376853015,29.37440836391895,3.659668270659359E8,0
424.1234448014336,28.99313351407596,3.659668270659359E8,0
423.3377275254856,29.70688100614863,3.659668270659359E8,0
423.3271161714785,30.635138365501955,3.659668270659359E8,0
424.3841993009048,32.53815485737912,3.659668270659359E8,0
424.8385183509627,33.266969428530636,3.659668270659359E8,0
425.23566382707065,33.758679724180084,3.659668270659359E8,0
425.442354330561,33.51504404653571,3.659668270659359E8,0
426.72172473820973,32.82336302917681,3.659668270659359E8,0
426.9899753971319,31.820046368017714,3.659668270659359E8,0
426.1880865020096,31.388753482363075,3.659668270659359E8,0
426.73814269139496,30.96224954300436,3.659668270659359E8,0
426.55876143517713,30.249140812879315,3.659668270659359E8,0
427.73081618980825,28.866880347331193,3.659668270659359E8,0
429.210971858328,28.84571141923998,3.659668270659359E8,0
429.7315945815157,28.002691008190062,3.659668270659359E8,0
430.1494915922359,27.843039173583612,3.659668270659359E8,0
429.3270287160638,28.31955766993476,3.659668270659359E8,0
429.4388216672826,29.299741895990923,3.659668270659359E8,0
429.9640328355114,32.2082795512067,3.659668270659359E8,0
429.8652656542107,33.8720641401265,3.659668270659359E8,0
429.321405656338,33.82129249204193,3.659668270659359E8,0
429.9544432919149,32.891623312715815,3.659668270659359E8,0
429.4780378464316,32.20396024473509,3.659668270659359E8,0
428.34080780435477,30.99878081401527,3.659668270659359E8,0
427.998763689312,30.346570944296896,3.659668270659359E8,0
428.22449306478,30.062512068476714,3.659668270659359E8,0
428.79466465176944,29.74968475014583,3.659668270659359E8,0
430.7682111146848,29.288355571641915,3.659668270659359E8,0
432.04536554190094,29.187809888308976,3.659668270659359E8,0
432.9577231500885,28.962631502339413,3.659668270659359E8,0
432.84600763123615,28.41671674359455,3.659668270659359E8,0
431.7207385239655,27.742712510728115,3.659668270659359E8,0
429.813648564162,26.67452870035471,3.659668270659359E8,0
427.87769697672667,26.72408619680489,3.659668270659359E8,0
426.25452105571236,27.678478195061963,3.659668270659359E8,0
425.2132609812763,28.907884464680464,3.659668270659359E8,0
425.05639089379525,29.633966589774616,3.659668270659359E8,0
426.84061837622977,30.68698042974566,3.659668270659359E8,0
428.0857387709279,30.770466322692393,3.659668270659359E8,0
429.93315740770083,31.848281880206923,3.659668270659359E8,0
431.00343625916673,32.652048039152334,3.659668270659359E8,0
431.20366224706106,32.80522471849268,3.659668270659359E8,0
432.107543263224,33.41226416695671,3.659668270659359E8,0
431.9588299940365,32.98919437350906,3.659668270659359E8,0
431.7944960131381,32.91281779229085,3.659668270659359E8,0
430.5382334091184,32.05751442656239,3.659668270659359E8,0
429.3755764393646,32.631812203688234,3.659668270659359E8,0
428.39922820867196,32.87357740368928,3.659668270659359E8,0
428.1037689820733,33.335732533323274,3.659668270659359E8,0
427.7902988576231,32.30225908359189,3.659668270659359E8,0
428.39019148467526,31.633122449909056,3.659668270659359E8,0
427.71597856801435,30.492271114022373,3.659668270659359E8,0
428.4200844699538,29.334382179921853,3.659668270659359E8,0
429.8088282303932,28.375112795044114,3.659668270659359E8,0
430.6758194398553,28.0766355700589,3.659668270659359E8,0
430.85385926357003,27.636690708376555,3.659668270659359E8,0
429.89089824235316,26.41292525872577,3.659668270659359E8,0
428.3529203018828,25.681767687403372,3.659668270659359E8,0
427.6544523461504,26.081701719913333,3.659668270659359E8,0
427.84809135382625,28.086718338045834,3.659668270659359E8,0
428.2323594260915,29.323386206086038,3.659668270659359E8,0
428.58708497235364,29.91279537451527,3.659668270659359E8,0
427.6509232392338,29.40907096334982,3.659668270659359E8,0
427.62019223808096,28.829308750392165,3.659668270659359E8,0
427.1749612402845,27.17860601988066,3.659668270659359E8,0
426.7285657373802,25.76382182133415,3.659668270659359E8,0
425.59146885219644,24.44694419098592,3.659668270659359E8,0
424.68979226483845,23.88688417221748,3.659668270659359E8,0
424.01670190702487,23.756840886467693,3.659668270659359E8,0
422.88959414728987,24.11804424705736,3.659668270659359E8,0
424.21162696296403,25.049154009378725,3.659668270659359E8,0
426.3192272050167,27.031052142173813,3.659668270659359E8,0
427.33693074542623,28.644941971229418,3.659668270659359E8,0
428.2087353989287,30.97375627700394,3.659668270659359E8,0
429.6764741549912,33.136704683544366,3.659668270659359E8,0
429.84255922371415,34.10721814446096,3.659668270659359E8,0
431.2286486618973,35.42142146402048,3.659668270659359E8,0
432.11201743410817,35.200178654717625,3.659668270659359E8,0
432.7125355336982,35.45034661696068,3.659668270659359E8,0
432.51495758401995,35.12835144766619,3.659668270659359E8,0
432.5390449611902,34.81156971921279,3.659668270659359E8,0
431.61728343316116,33.60013735435161,3.659668270659359E8,0
431.26459161415255,33.89322848863487,3.659668270659359E8,0
430.8289169820641,34.241194886850636,3.659668270659359E8,0
430.8836943615392,35.47626502527829,3.659668270659359E8,0
431.55954438260045,37.111829474411515,3.659668270659359E8,0
431.5662720363108,37.567466317768414,3.659668270659359E8,0
430.58313746283494,36.00686952209313,3.659668270659359E8,0
430.0830954307402,34.76778302724407,3.659668270659359E8,0
430.231248498125,33.697063567649224,3.659668270659359E8,0
430.3226905495762,33.25600971119592,3.659668270659359E8,0
430.5777208604442,32.110290519538765,3.659668270659359E8,0
430.41782376980353,31.986824455556775,3.659668270659359E8,0
430.5515748994855,32.10692777199478,3.659668270659359E8,0
430.80540578506026,31.303978844598113,3.659668270659359E8,0
429.70225920140183,30.618183438613013,3.659668270659359E8,0
429.17297940359526,29.751145331413507,3.659668270659359E8,0
428.82636575538135,29.598370923410094,3.659668270659359E8,0
428.3016244548701,29.7400771414548,3.659668270659359E8,0
427.96607821172614,30.117931491250147,3.659668270659359E8,0
428.1074194010765,31.309695601806354,3.659668270659359E8,0
426.8750525645082,32.617246175572724,3.659668270659359E8,0
425.79650504350553,33.51353518562729,3.659668270659359E8,0
425.18334142495945,32.37201943553953,3.659668270659359E8,0
425.3971079293474,32.40920831925512,3.659668270659359E8,0
426.0348907880484,31.227011394908562,3.659668270659359E8,0
426.29034783125917,30.462993844849667,3.659668270659359E8,0
426.0656208733598,30.167635435828412,3.659668270659359E8,0
426.5823973353974,30.12238200084827,3.659668270659359E8,0
427.1050108239574,29.875214107904217,3.659668270659359E8,0
426.9914471317232,29.301702054547466,3.659668270659359E8,0
427.3450940980792,30.156608958968178,3.659668270659359E8,0
426.7249200184802,29.705621526833855,3.659668270659359E8,0
426.0612984833412,28.8106660889115,3.659668270659359E8,0
426.5226102226354,29.14498165585132,3.659668270659359E8,0
426.36675563240294,28.354973140022445,3.659668270659359E8,0
425.73965891184946,28.616779671493635,3.659668270659359E8,0
424.68817149343903,28.499013922927215,3.659668270659359E8,0
424.79704626229113,29.37608694279094,3.659668270659359E8,0
423.9865946496226,29.108001193726118,3.659668270659359E8,0
423.51258986367657,29.475936500466144,3.659668270659359E8,0
424.32609827402825,30.48783105293235,3.659668270659359E8,0
425.70081264476124,31.535335633192325,3.659668270659359E8,0
427.2235844292638,32.882236372213725,3.659668270659359E8,0
428.07466146461826,33.53398835361019,3.659668270659359E8,0
428.9806164528333,34.58637943622933,3.659668270659359E8,0
429.31293924747035,35.50329937883097,3.659668270659359E8,0
430.15787208386274,35.74891714419418,3.659668270659359E8,0
430.65463260088626,34.88673383051386,3.659668270659359E8,0
431.22179973250746,35.137242399050905,3.659668270659359E8,0
432.09404277749223,34.63528534047474,3.659668270659359E8,0
431.7725261884456,33.73815300847019,3.659668270659359E8,0
431.7159393268453,33.31611220983285,3.659668270659359E8,0
431.4696344662711,32.895788630774014,3.659668270659359E8,0
430.7308343474014,32.390674582989796,3.659668270659359E8,0
429.6346612638668,32.38069149448254,3.659668270659359E8,0
429.19272160824977,31.55520364246082,3.659668270659359E8,0
428.90084269616096,30.90476192650863,3.659668270659359E8,0
427.8328465546389,29.597656706850803,3.659668270659359E8,0
426.5934575346637,29.67084972655994,3.659668270659359E8,0
426.5121316647599,29.683619125650544,3.659668270659359E8,0
427.5134213750755,30.520926512801264,3.659668270659359E8,0
428.8524379008146,31.7356812679613,3.659668270659359E8,0
429.3231579763689,32.40111445300124,3.659668270659359E8,0
429.38298957075654,32.60711727398558,3.659668270659359E8,0
429.35711199902045,32.56034335424194,3.659668270659359E8,0
429.80070066244133,32.47742088024105,3.659668270659359E8,0
430.30258213810185,31.155861045992722,3.659668270659359E8,0
430.435760113904,30.3604088821975,3.659668270659359E8,0
429.37017785455464,28.67441595915738,3.659668270659359E8,0
430.00068902429575,28.21634147567811,3.659668270659359E8,0
430.09357143631445,27.568573662994513,3.659668270659359E8,0
429.3248171491279,27.172438095103725,3.659668270659359E8,0
429.0595509185818,27.683148241174568,3.659668270659359E8,0
428.8423603899352,28.197150319379276,3.659668270659359E8,0
428.4347128204325,29.62777168635295,3.659668270659359E8,0
428.877062785709,30.36283688782876,3.659668270659359E8,0
429.64846878556193,31.230691520601763,3.659668270659359E8,0
430.04716981191126,31.505882671144647,3.659668270659359E8,0
430.1856737367312,31.222341861466113,3.659668270659359E8,0
428.97281763941123,30.288727188793267,3.659668270659359E8,0
428.4790948880703,28.518108864758375,3.659668270659359E8,0
428.4845609861033,27.229847267803446,3.659668270659359E8,0
429.9461893866498,27.02594222348618,3.659668270659359E8,0
431.5815920881573,28.898971827877308,3.659668270659359E8,0
432.86676623434306,29.964439629508977,3.659668270659359E8,0
434.4867903527885,31.83705856793802,3.659668270659359E8,0
435.36259719381167,33.32127024489693,3.659668270659359E8,0
434.97357547371564,33.78284526154838,3.659668270659359E8,0
434.53223719499357,34.63681000189376,3.659668270659359E8,0
434.00308922051414,35.24941225768362,3.659668270659359E8,0
432.12758237654026,34.44158294405466,3.659668270659359E8,0
431.54898896336056,34.059005869523375,3.659668270659359E8,0
430.59033852244863,33.65901686163426,3.659668270659359E8,0
430.5396651386263,33.777563441507496,3.659668270659359E8,0
431.2854970256457,34.50225581485208,3.659668270659359E8,0
430.8827715185187,33.737782712566045,3.659668270659359E8,0
430.0916950169195,33.63458742095674,3.659668270659359E8,0
428.83642255630514,33.03118732811762,3.659668270659359E8,0
428.42863228463557,32.45933846152123,3.659668270659359E8,0
427.91543374897407,31.030140665211864,3.659668270659359E8,0
427.4490374252032,29.404973268320443,3.659668270659359E8,0
427.53815191820183,28.638375120195704,3.659668270659359E8,0
427.67587022933736,26.78521171134027,3.659668270659359E8,0
429.00814341237157,26.370066679544166,3.659668270659359E8,0
430.62144186519276,27.47449664422184,3.659668270659359E8,0
432.31622839088493,28.934346808938997,3.659668270659359E8,0
433.90143765813445,30.327094912443602,3.659668270659359E8,0
435.9779805159381,32.46917716508128,3.659668270659359E8,0
436.860500037987,33.37702139681102,3.659668270659359E8,0
437.09676558300725,33.422331838152154,3.659668270659359E8,0
436.14928373533843,33.82677972196683,3.659668270659359E8,0
434.3134203898932,33.268046082611185,3.659668270659359E8,0
432.10712866036585,33.07020907924876,3.659668270659359E8,0
430.68182071469056,34.19282396843304,3.659668270659359E8,0
429.0011114947049,35.51887166859972,3.659668270659359E8,0
427.38626635104305,36.35016748562849,3.659668270659359E8,0
425.9072294763908,35.80924126131533,3.659668270659359E8,0
424.5965665498236,33.39201493000818,3.659668270659359E8,0
423.6476237384679,31.83427969877372,3.659668270659359E8,0
423.7185532782289,31.16194347049066,3.659668270659359E8,0
424.79076527690677,30.814426837414313,3.659668270659359E8,0
426.48903849460135,30.946965889882566,3.659668270659359E8,0
428.66200982205714,32.242026153693295,3.659668270659359E8,0
430.6982168445992,33.33258019599444,3.659668270659359E8,0
431.2061448673637,32.90280552218478,3.659668270659359E8,0
431.4069407454205,32.13088827995092,3.659668270659359E8,0
430.3721291592794,30.981360025965767,3.659668270659359E8,0
430.65721493361787,31.405482347618133,3.659668270659359E8,0
430.234618180161,32.296047125648336,3.659668270659359E8,0
430.2010556313218,32.126520821302954,3.659668270659359E8,0
429.0863946565968,31.03404031090288,3.659668270659359E8,0
427.1984877683944,29.820436244260087,3.659668270659359E8,0
427.17907311138504,29.31397272941467,3.659668270659359E8,0
427.58741264790075,29.37865834318363,3.659668270659359E8,0
426.8965060203259,29.10141112072491,3.659668270659359E8,0
425.8249520981615,28.58658770673305,3.659668270659359E8,0
424.08134177854873,29.094885740925992,3.659668270659359E8,0
422.189331367892,29.104108342580812,3.659668270659359E8,0
420.24564511039137,29.81008586579894,3.659668270659359E8,0
420.6456692539043,29.478386274260068,3.659668270659359E8,0
420.71281859960476,28.89691659235782,3.659668270659359E8,0
421.63836572954784,27.720273966508234,3.659668270659359E8,0
423.0277401998068,28.06674813858078,3.659668270659359E8,0
423.62901729335664,27.944665693111407,3.659668270659359E8,0
425.1991388224764,27.69704796805431,3.659668270659359E8,0
426.8332364459183,28.29302613832141,3.659668270659359E8,0
428.7772265060123,30.162266235787527,3.659668270659359E8,0
431.2830989795809,31.598136264777484,3.659668270659359E8,0
432.5332160417066,32.726193189786414,3.659668270659359E8,0
433.30361979799613,34.13915544933987,3.659668270659359E8,0
433.2604363875849,33.7829928465963,3.659668270659359E8,0
432.8613777033669,32.18307034911745,3.659668270659359E8,0
430.8606280707158,30.5333756470072,3.659668270659359E8,0
429.0885953158737,29.01643317974369,3.659668270659359E8,0
427.74810864926735,28.137087145937233,3.659668270659359E8,0
427.68677865455356,27.615768309427235,3.659668270659359E8,0
427.2814910839846,27.334447036265264,3.659668270659359E8,0
428.0772717196533,28.813093693073263,3.659668270659359E8,0
428.2687580011901,29.65813081997966,3.659668270659359E8,0
428.49703712142133,29.535025579193466,3.659668270659359E8,0
428.58270237521896,29.287914437190203,3.659668270659359E8,0
429.9093747518492,29.685723149961746,3.659668270659359E8,0
430.41780892496365,30.674072515028417,3.659668270659359E8,0
431.38344444335013,31.024416552068846,3.659668270659359E8,0
431.0564523399242,31.781997887508,3.659668270659359E8,0
430.4102917376373,31.85208393492772,3.659668270659359E8,0
428.23480919828984,31.78256012626487,3.659668270659359E8,0
426.2594113110188,31.64103426160548,3.659668270659359E8,0
425.04976727965817,30.10805315195999,3.659668270659359E8,0
423.9738780706105,29.297644264697396,3.659668270659359E8,0
423.40768030234,27.773412695101445,3.659668270659359E8,0
422.8124188522504,26.19603450673448,3.659668270659359E8,0
422.7249774397422,26.034306194744865,3.659668270659359E8,0
422.9280084254099,25.48279785384058,3.659668270659359E8,0
422.9654866801415,24.910884709692482,3.659668270659359E8,0
424.4612198735026,24.950706671246873,3.659668270659359E8,0
426.5061628511561,27.066031498276413,3.659668270659359E8,0
428.70203740609185,29.963037340610498,3.659668270659359E8,0
431.14366646378335,32.94005248746424,3.659668270659359E8,0
433.2972644467196,35.49072656764985,3.659668270659359E8,0
434.32902954090645,36.79184201975571,3.659668270659359E8,0
435.10224647939907,38.24823108612651,3.659668270659359E8,0
435.3144815242088,39.55685874504623,3.659668270659359E8,0
435.2268457770347,40.121178725684416,3.659668270659359E8,0
435.86643117842476,39.901908070826366,3.659668270659359E8,0
435.1978233164498,38.51616221603008,3.659668270659359E8,0
434.86167227423897,37.2075114756364,3.659668270659359E8,0
434.7693731981675,36.48736415102481,3.659668270659359E8,0
433.2237877331574,34.371437710360496,3.659668270659359E8,0
430.8657561229744,30.577632712276177,3.659668270659359E8,0
429.82207365691346,27.51241477934868,3.659668270659359E8,0
429.0368243185385,25.83119655337676,3.659668270659359E8,0
429.1946597299353,25.68073480909114,3.659668270659359E8,0
429.3914284718201,25.866484969171356,3.659668270659359E8,0
428.486197097905,26.93015799631386,3.659668270659359E8,0
428.1851930335964,27.984774596208943,3.659668270659359E8,0
428.2709202570724,29.265264550848567,3.659668270659359E8,0
428.5831385893779,30.682098104694965,3.659668270659359E8,0
428.7822213529976,31.416877690387025,3.659668270659359E8,0
429.2850694958319,32.03115906186788,3.659668270659359E8,0
430.2156644392675,33.910706958915235,3.659668270659359E8,0
430.6373161530132,34.40562261592102,3.659668270659359E8,0
431.41486236038276,33.84961081408967,3.659668270659359E8,0
433.0241342311899,33.54107842271312,3.659668270659359E8,0
433.7098893339716,34.08867254249089,3.659668270659359E8,0
434.04881756780907,35.55678395830187,3.659668270659359E8,0
433.88294360344236,35.38149724160584,3.659668270659359E8,0
432.72697862414384,34.14291634446154,3.659668270659359E8,0
430.41882077080635,31.541629832199394,3.659668270659359E8,0
429.1096438529613,30.55576569769559,3.659668270659359E8,0
427.3978025493252,29.385291556311937,3.659668270659359E8,0
425.65539708177823,28.858879871614775,3.659668270659359E8,0
424.6974805367091,29.707542768947974,3.659668270659359E8,0
424.7308980550811,31.495065430789456,3.659668270659359E8,0
425.60180730078514,32.73690953557512,3.659668270659359E8,0
426.1715571210998,32.03584392708889,3.659668270659359E8,0
428.696267968266,31.622715970655836,3.659668270659359E8,0
430.2151384957334,31.279202913569414,3.659668270659359E8,0
430.7030812378009,29.80539047582837,3.659668270659359E8,0
430.7280925176506,29.946043841030676,3.659668270659359E8,0
429.93111842655236,30.12081414296329,3.659668270659359E8,0
429.0516453161295,29.861059647677546,3.659668270659359E8,0
427.68279499236417,29.433363515095873,3.659668270659359E8,0
426.39779739961944,29.53933391380243,3.659668270659359E8,0
425.95285583110075,30.639613956767974,3.659668270659359E8,0
425.260637608588,31.415927517444146,3.659668270659359E8,0
425.1417631129332,31.942775279526078,3.659668270659359E8,0
426.29211267828543,31.793119988535302,3.659668270659359E8,0
427.9288096035424,32.743669506130814,3.659668270659359E8,0
429.12879571117554,32.329217742623996,3.659668270659359E8,0
429.89565440847645,30.97763263015713,3.659668270659359E8,0
430.74496277007876,31.696821386027633,3.659668270659359E8,0
431.6241553561706,33.071180430975886,3.659668270659359E8,0
431.49545084526164,34.25677443936081,3.659668270659359E8,0
430.89794894170586,34.54068308242374,3.659668270659359E8,0
430.75592498196846,34.48048956329276,3.659668270659359E8,0
430.81711839367085,33.32834701792706,3.659668270659359E8,0
429.74687026586093,32.847542528571196,3.659668270659359E8,0
427.7752659215025,31.05949673229857,3.659668270659359E8,0
426.60893240572693,30.641839513762488,3.659668270659359E8,0
425.5954205656159,30.144483029988084,3.659668270659359E8,0
425.3448903632794,30.739543028094495,3.659668270659359E8,0
425.10161592072524,30.192414157237746,3.659668270659359E8,0
425.5707976087204,29.40391485526539,3.659668270659359E8,0
426.7860871482786,30.099048854462573,3.659668270659359E8,0
428.2007816443032,30.906034233666407,3.659668270659359E8,0
429.0444187356693,31.291087480374518,3.659668270659359E8,0
428.46433166782145,32.01259475976227,3.659668270659359E8,0
427.4811619116094,31.642998556864853,3.659668270659359E8,0
426.10606328798775,31.41550546354482,3.659668270659359E8,0
426.3454656282125,31.30446750794474,3.659668270659359E8,0
427.36420483671395,31.750885266665467,3.659668270659359E8,0
428.4463414554647,31.896220051521514,3.659668270659359E8,0
428.67674790723134,30.70675083295158,3.659668270659359E8,0
428.72360610817685,30.321184012989182,3.659668270659359E8,0
427.59469473784696,29.693647513796883,3.659668270659359E8,0
427.13271391571953,29.033746287629935,3.659668270659359E8,0
426.6611512822896,29.274950222964982,3.659668270659359E8,0
425.7056798594038,28.767544320415116,3.659668270659359E8,0
425.803449977205,27.563078946921415,3.659668270659359E8,0
426.1215255073086,27.470676853816613,3.659668270659359E8,0
425.8573458188731,27.26344536323858,3.659668270659359E8,0
425.7696348417505,26.66051030670528,3.659668270659359E8,0
426.7266691849422,26.774344202759206,3.659668270659359E8,0
427.26793477075364,28.411719206014958,3.659668270659359E8,0
427.90608387929484,30.54760701984075,3.659668270659359E8,0
428.19872110333176,32.963521921085366,3.659668270659359E8,0
429.60157802151855,34.579566349539256,3.659668270659359E8,0
429.33732855709206,34.33537767741388,3.659668270659359E8,0
429.9117777814491,33.40415478629087,3.659668270659359E8,0
429.4329928041547,32.24853517325696,3.659668270659359E8,0
429.0597139899243,29.995534842230306,3.659668270659359E8,0
428.64822306598904,27.655963254919744,3.659668270659359E8,0
427.9819439832973,26.732003180949835,3.659668270659359E8,0
427.28248328378146,25.77489723029612,3.659668270659359E8,0
427.06290758774276,25.292122107876917,3.659668270659359E8,0
428.1642705577363,25.624088334007894,3.659668270659359E8,0
430.0801208395042,26.652889794451255,3.659668270659359E8,0
431.5739203577259,27.82153019905296,3.659668270659359E8,0
431.82438181726906,27.968280656797653,3.659668270659359E8,0
430.6595877445833,27.205000633699445,3.659668270659359E8,0
