815.3338513642935,812.099417152632,1.7894042550743018E11,0
757.720243768475,386.40028885212246,1.335412081848695E11,0
636.2432662768601,343.7923564055785,1.0262569200063356E11,0
584.171879296064,292.21068325214526,9.53859152701534E10,0
578.271004035606,245.34344242591874,9.207229020413847E10,0
597.8170511436538,205.5709235056471,9.098463655878018E10,0
633.2030163443861,174.9337163441823,9.037658052671034E10,0
670.7609339305242,150.3011221532004,9.000381347606073E10,0
704.0151486984528,128.71835236162227,8.97774113803262E10,0
731.0904017849043,110.37485903855156,8.964584101870445E10,0
750.3427928287624,97.07029610844002,8.956684712280977E10,0
761.6730437115905,88.8181324769398,8.951925795830177E10,0
765.9445041040603,85.26070921774321,8.94909198628257E10,0
764.9915360539567,85.69745829047031,8.947388198914088E10,0
760.3161120116486,88.64624313537611,8.94636551232038E10,0
753.6204674435529,92.11911190434675,8.945752864451962E10,0
745.6621515254043,95.74513414411125,8.945385361264842E10,0
738.2546763640586,99.72681070682503,8.945164832528413E10,0
731.9547171825111,103.27246615459363,8.945032522800752E10,0
726.8992666437143,106.37322931638154,8.944953148545282E10,0
723.4382620624066,108.49533607363719,8.94490551981719E10,0
721.3097612363546,110.90442426275406,8.94487694348185E10,0
720.3718353564508,111.99374921859972,8.944859798584789E10,0
720.8251865199409,111.91088849654659,8.944849511294164E10,0
721.4209872189637,111.62140217168384,8.944843338811884E10,0
721.988409054934,110.8892406346436,8.944839635369846E10,0
722.8211071662863,110.25321106475184,8.944837413390538E10,0
723.893324716285,109.81427083811631,8.944836080163312E10,0
724.4193983636802,108.91957829073155,8.944835280219366E10,0
725.7616918759958,107.8768744071074,8.944834800263644E10,0
726.4407467038585,106.66297551501906,8.944834512284111E10,0
726.8371280665266,106.18539331403738,8.944834339501424E10,0
726.5047590382667,106.69986509381516,8.94483423583047E10,0
726.1791120663262,107.2540899379184,8.944834173626974E10,0
726.8577640928655,107.01059819223904,8.944834136305223E10,0
727.1853416706201,107.05454842732334,8.944834113912537E10,0
726.686120992717,107.13147624878978,8.94483410047673E10,0
725.8061163916841,108.42403906937551,8.944834092415196E10,0
725.5591668829903,108.71208796166867,8.944834087578386E10,0
725.2018556368046,109.26754885557429,8.944834084676262E10,0
725.490625979421,108.80963076145486,8.944834082934962E10,0
725.6970783785309,109.02964640172786,8.944834081890196E10,0
726.5916685310065,109.43981750853034,8.944834081263339E10,0
727.5603838536414,109.93781593778891,8.944834080887225E10,0
728.2129881375802,110.33419422402633,8.944834080661554E10,0
729.0903297200955,110.3750067178119,8.944834080526157E10,0
728.9505652398786,110.53637383772224,8.944834080444914E10,0
729.5151328957,109.86453152176936,8.944834080396169E10,0
729.2028929528014,110.26541314705445,8.94483408036692E10,0
728.3468966271932,111.5405810059761,8.944834080349371E10,0
727.928535802873,112.84754184854376,8.944834080338841E10,0
727.6160441432911,113.34480576113471,8.944834080332526E10,0
727.2685555827279,113.24311766109167,8.944834080328734E10,0
727.2830666871806,112.76642379943802,8.944834080326462E10,0
726.7627156513693,111.78246012831053,8.944834080325098E10,0
726.6903950070629,111.09961989483499,8.94483408032428E10,0
726.2542225322767,110.84191658960793,8.944834080323788E10,0
726.518049071862,110.44210392326971,8.944834080323494E10,0
726.3965387888646,110.13777943379903,8.944834080323317E10,0
726.949877440451,109.15357643208239,8.94483408032321E10,0
727.8479271884602,108.63047510068932,8.944834080323145E10,0
728.3949211199294,108.73580321132258,8.944834080323105E10,0
728.1860320999779,108.6091063226353,8.94483408032308E10,0
728.7103202542687,107.86043326594191,8.944834080323068E10,0
728.2478463077591,109.18403034828494,8.944834080323058E10,0
727.3910111215857,109.46729662652778,8.944834080323055E10,0
726.1423159209531,109.66304884825797,8.94483408032305E10,0
725.3854530614273,109.77453991016466,8.944834080323048E10,0
725.344048599375,109.23871534574002,8.944834080323048E10,0
725.3672911371103,109.00146105331864,8.944834080323047E10,0
725.1696543784077,109.25069870924153,8.944834080323047E10,0
725.6334462835991,109.18829939134633,8.944834080323047E10,0
726.559909289593,109.07567806621933,8.944834080323047E10,0
727.4071278443771,109.53129011226343,8.944834080323047E10,0
727.2742711685853,109.98282730105791,8.944834080323047E10,0
726.7958701156919,110.48390167330582,8.944834080323047E10,0
726.3138126906483,111.47952876816264,8.944834080323047E10,0
726.6337985633498,111.4909055647361,8.944834080323047E10,0
725.9785233893106,111.25599288228612,8.944834080323047E10,0
725.4267602839185,111.17398841451539,8.944834080323047E10,0
725.1089473080194,110.98201634819156,8.944834080323047E10,0
725.0556207663132,109.96236538213434,8.944834080323047E10,0
725.6328092412112,109.60186492758949,8.944834080323047E10,0
726.0930073748729,109.71323854562435,8.944834080323047E10,0
726.7088332657319,110.490247727023,8.944834080323047E10,0
728.5036524081239,109.76663125113562,8.944834080323047E10,0
729.5351557511228,108.98679818873777,8.944834080323047E10,0
730.2527531588426,108.72121287884642,8.944834080323047E10,0
730.7080019607325,107.80901202521531,8.944834080323047E10,0
730.2134253636202,107.3791467245486,8.944834080323047E10,0
729.734538727204,107.80888443967415,8.944834080323047E10,0
728.9167120244242,109.16015027173438,8.944834080323047E10,0
728.0255908584752,110.77374589333121,8.944834080323047E10,0
727.3392948002947,111.78659195108237,8.944834080323047E10,0
727.0061792554571,111.11061131781521,8.944834080323047E10,0
727.0076589912462,110.58875191737022,8.944834080323047E10,0
726.5725781231542,110.22569588732951,8.944834080323047E10,0
727.174278920733,110.53848375820081,8.944834080323047E10,0
727.696777619475,110.59420976186068,8.944834080323047E10,0
727.3088864197953,111.43573744280867,8.944834080323047E10,0
727.1277022421592,111.41554303299394,8.944834080323047E10,0
727.2871525097967,111.40972012687266,8.944834080323047E10,0
727.1361936571965,110.62559683417692,8.944834080323047E10,0
727.1898276256742,109.66368642330127,8.944834080323047E10,0
727.5707745474004,108.69768699132064,8.944834080323047E10,0
728.0393028243047,107.57967410046304,8.944834080323047E10,0
728.4529835384221,107.00695000983329,8.944834080323047E10,0
728.4411763116935,106.77358069400084,8.944834080323047E10,0
728.5647766933313,106.74444605058345,8.944834080323047E10,0
728.414063498454,106.93942835528827,8.944834080323047E10,0
728.3737914322887,107.04612320543414,8.944834080323047E10,0
728.2588028019566,107.70986261089034,8.944834080323047E10,0
727.4639776564358,108.20913648185963,8.944834080323047E10,0
727.0008393048595,109.12349443415931,8.944834080323047E10,0
726.6226017300107,109.81066797725222,8.944834080323047E10,0
727.2811115628535,109.69313335200638,8.944834080323047E10,0
728.1831347901789,109.27728285002652,8.944834080323047E10,0
729.0931611661096,108.98428752735222,8.944834080323047E10,0
729.8241315596391,109.32991283644603,8.944834080323047E10,0
729.8122354601913,108.93449691741368,8.944834080323047E10,0
729.6127065725681,108.50487108440483,8.944834080323047E10,0
728.6599605937856,108.59804854702948,8.944834080323047E10,0
728.1471963146779,108.3510883589533,8.944834080323047E10,0
728.2224522113356,107.18543831909875,8.944834080323047E10,0
727.778165337825,106.45885628079365,8.944834080323047E10,0
726.6484914220299,106.95539288820616,8.944834080323047E10,0
726.3231988444787,107.65101241632385,8.944834080323047E10,0
725.5765389242941,108.99606344958646,8.944834080323047E10,0
724.1406951996534,110.42232623618627,8.944834080323047E10,0
722.8605636118103,111.5829949716942,8.944834080323047E10,0
722.3790133888584,111.53060453591874,8.944834080323047E10,0
722.6688375959018,111.91389808534349,8.944834080323047E10,0
722.9020680378623,112.69977713107309,8.944834080323047E10,0
723.5007094432996,113.48228383308214,8.944834080323047E10,0
724.135072557675,114.3185569273741,8.944834080323047E10,0
724.7971636383273,114.07934496561947,8.944834080323047E10,0
726.0651174159584,112.86906726038225,8.944834080323047E10,0
726.9151804527905,111.12401863918788,8.944834080323047E10,0
727.5409275896264,109.62525964384983,8.944834080323047E10,0
728.282108087919,108.10514114197078,8.944834080323047E10,0
728.7400163666401,107.71053467354001,8.944834080323047E10,0
729.564951773608,107.46390703491491,8.944834080323047E10,0
729.9641882725028,107.08474378887692,8.944834080323047E10,0
729.7199103743619,107.68484888783146,8.944834080323047E10,0
729.1031409789292,108.69866315947289,8.944834080323047E10,0
728.4951692559898,108.90373421266749,8.944834080323047E10,0
728.2011711677634,108.96282123934574,8.944834080323047E10,0
728.4855482159045,108.47559826227695,8.944834080323047E10,0
729.1983707109748,107.53811400267784,8.944834080323047E10,0
729.3315751752779,107.56202138193667,8.944834080323047E10,0
729.6177836488736,107.17972698435831,8.944834080323047E10,0
729.8561774267647,107.63219348586264,8.944834080323047E10,0
729.6850560684063,108.6159930016343,8.944834080323047E10,0
729.3090900051421,109.08439894592875,8.944834080323047E10,0
728.1762427847721,109.81567615902945,8.944834080323047E10,0
726.9096305997349,110.62713339466481,8.944834080323047E10,0
726.2257746227802,111.02091482083856,8.944834080323047E10,0
726.2900658139079,110.45582409307099,8.944834080323047E10,0
726.7888090207958,109.60876782006211,8.944834080323047E10,0
727.3901211071926,109.07577923379732,8.944834080323047E10,0
727.5405920771473,108.7750892439603,8.944834080323047E10,0
728.4624187768045,107.87701690812979,8.944834080323047E10,0
729.6016060345192,106.62730426078151,8.944834080323047E10,0
729.526141888679,107.35357232965059,8.944834080323047E10,0
729.4339965409508,107.78631633221705,8.944834080323047E10,0
729.3411527620651,108.2522364853676,8.944834080323047E10,0
729.0772945949354,108.25647609365268,8.944834080323047E10,0
729.3494250544235,108.10898345601593,8.944834080323047E10,0
728.8303517869239,108.39974584294511,8.944834080323047E10,0
728.6861707431902,108.9859192642527,8.944834080323047E10,0
728.1891275491037,109.07152051347904,8.944834080323047E10,0
727.6498158993245,108.80594348898359,8.944834080323047E10,0
727.8883574617566,108.29291664203996,8.944834080323047E10,0
728.6202643792819,107.58527185401691,8.944834080323047E10,0
729.0881967692302,107.1160680095698,8.944834080323047E10,0
729.9730112626958,106.37019309192202,8.944834080323047E10,0
730.1645056267665,106.27323556224808,8.944834080323047E10,0
730.4062551100316,106.33978120405432,8.944834080323047E10,0
730.0123542990655,106.50196907848802,8.944834080323047E10,0
730.0517237374918,106.69699758606143,8.944834080323047E10,0
730.2573367954699,106.881784085828,8.944834080323047E10,0
730.1001207963295,107.3247391641386,8.944834080323047E10,0
728.8566638402714,107.27915888010962,8.944834080323047E10,0
727.596656554858,108.2858230393036,8.944834080323047E10,0
727.421761260788,108.30322225825181,8.944834080323047E10,0
726.9496830004238,109.92734003684886,8.944834080323047E10,0
725.9516286483216,111.53543481717854,8.944834080323047E10,0
725.2409253304686,112.82231665826932,8.944834080323047E10,0
724.8558755959834,113.37255560725013,8.944834080323047E10,0
725.0962448076175,113.0241856140527,8.944834080323047E10,0
725.4015715994486,113.19881848222379,8.944834080323047E10,0
724.907475703853,113.73757330055338,8.944834080323047E10,0
724.5198893014128,114.0389568959798,8.944834080323047E10,0
724.6452846058704,114.12823059492841,8.944834080323047E10,0
725.5133741241074,112.9778414281765,8.944834080323047E10,0
726.8710844861671,111.49407767090786,8.944834080323047E10,0
726.9242298780711,110.123855125953,8.944834080323047E10,0
726.3339519194286,109.76591378399178,8.944834080323047E10,0
725.4118693210265,110.0535031721325,8.944834080323047E10,0
724.1561157510797,109.98350708357566,8.944834080323047E10,0
722.0072623718318,110.6203306442634,8.944834080323047E10,0
721.2100621610537,111.35984132207417,8.944834080323047E10,0
721.8745965769493,111.27423412331193,8.944834080323047E10,0
723.2505139459323,110.77274847406377,8.944834080323047E10,0
724.8681207059324,110.73365558283717,8.944834080323047E10,0
726.1803701461523,110.79145578163978,8.944834080323047E10,0
726.9546546630381,110.5648118066217,8.944834080323047E10,0
727.9297976302881,110.37626611121819,8.944834080323047E10,0
728.9323711617657,109.61500507897584,8.944834080323047E10,0
728.8220067515415,110.04200651131049,8.944834080323047E10,0
728.2258818931285,110.99182373988434,8.944834080323047E10,0
727.8670268272173,110.93559827273711,8.944834080323047E10,0
727.2599417140711,111.54665811947771,8.944834080323047E10,0
726.8093633255095,110.6123861511883,8.944834080323047E10,0
726.4751091722075,110.49890443372223,8.944834080323047E10,0
726.740763824739,110.01971894897093,8.944834080323047E10,0
726.9797138034102,109.49876297760942,8.944834080323047E10,0
727.3222822965548,109.24946364112714,8.944834080323047E10,0
728.0081616091221,109.3863858352839,8.944834080323047E10,0
729.676169311999,108.36893974379306,8.944834080323047E10,0
730.1030737089242,107.40336006151125,8.944834080323047E10,0
729.5979022378012,106.7200314992997,8.944834080323047E10,0
728.8765221057087,106.08674783555124,8.944834080323047E10,0
728.4483502783793,105.81244067388275,8.944834080323047E10,0
728.2294052672419,105.51776364749298,8.944834080323047E10,0
727.6499683261258,105.72137525784838,8.944834080323047E10,0
727.5512847076617,105.81580197388865,8.944834080323047E10,0
726.605481326569,107.63205096938853,8.944834080323047E10,0
726.3975507284532,108.0105340830863,8.944834080323047E10,0
725.6443068975582,108.69177849302537,8.944834080323047E10,0
725.7997450686179,109.1934212350653,8.944834080323047E10,0
725.368851435934,109.59608582554472,8.944834080323047E10,0
725.8217097810962,109.04710823895697,8.944834080323047E10,0
726.4832126364242,108.41686561654214,8.944834080323047E10,0
727.1912289992844,108.66852455394087,8.944834080323047E10,0
728.4107201782182,107.91190363263716,8.944834080323047E10,0
728.5093686632744,107.54884402256657,8.944834080323047E10,0
728.4657015086635,107.70502176668587,8.944834080323047E10,0
728.4091755865102,107.79268800413594,8.944834080323047E10,0
728.5771299298077,107.6234476919521,8.944834080323047E10,0
728.9821003727608,107.62476642955808,8.944834080323047E10,0
729.1839171910296,108.41036638327508,8.944834080323047E10,0
728.9466254004317,109.1269373948403,8.944834080323047E10,0
728.7897430064344,110.12667838437285,8.944834080323047E10,0
728.0146706386499,111.34598067727441,8.944834080323047E10,0
727.5309152080655,111.63609523816987,8.944834080323047E10,0
727.3034761820753,111.74885646900627,8.944834080323047E10,0
726.8324330275486,111.65807185230076,8.944834080323047E10,0
727.1324646562718,111.43858930207873,8.944834080323047E10,0
726.9878757860145,111.01463376261907,8.944834080323047E10,0
726.7544092992458,110.8582640142781,8.944834080323047E10,0
726.8222189733651,110.42013027706041,8.944834080323047E10,0
726.5874204762449,110.67580821369636,8.944834080323047E10,0
725.7179405786901,111.74915643369815,8.944834080323047E10,0
725.1220499966166,112.99386775642127,8.944834080323047E10,0
724.5008333008074,113.43374580523823,8.944834080323047E10,0
724.5090457176883,113.01247534452747,8.944834080323047E10,0
725.0586668302972,112.3683936661194,8.944834080323047E10,0
725.9828003118268,111.78875905495764,8.944834080323047E10,0
726.6023206197993,111.59098611179755,8.944834080323047E10,0
727.2787630681744,111.83443021155703,8.944834080323047E10,0
727.5083027486929,112.6668476979448,8.944834080323047E10,0
727.1904019304113,113.08356516652105,8.944834080323047E10,0
726.3891438186805,113.84775771555192,8.944834080323047E10,0
725.7859475283078,113.98638405878958,8.944834080323047E10,0
724.5859219871924,114.27343556435585,8.944834080323047E10,0
723.9919655089067,113.20017602638384,8.944834080323047E10,0
723.5079812106414,112.80950319323858,8.944834080323047E10,0
723.4539723395434,113.1631465812855,8.944834080323047E10,0
723.5409716337523,113.02234976333172,8.944834080323047E10,0
723.8781155928496,113.70898917289013,8.944834080323047E10,0
723.8231749994092,113.61471741719917,8.944834080323047E10,0
724.2859623761682,112.65930272293706,8.944834080323047E10,0
724.4779285933181,111.32258917993853,8.944834080323047E10,0
725.7682271869143,110.36595581151866,8.944834080323047E10,0
727.2023742852614,109.33844817255165,8.944834080323047E10,0
728.6175511638367,108.8185534068755,8.944834080323047E10,0
729.4325192201167,108.79479337672878,8.944834080323047E10,0
730.1558262181816,108.47510441459569,8.944834080323047E10,0
730.3358309927617,108.03859031817127,8.944834080323047E10,0
729.9988810514009,107.75067088876563,8.944834080323047E10,0
729.1243408611933,108.50586669336025,8.944834080323047E10,0
727.9956761191048,108.74145527831773,8.944834080323047E10,0
727.6275801085717,108.62540515835339,8.944834080323047E10,0
727.6958254170046,108.42535298633656,8.944834080323047E10,0
728.1775949286566,107.40709686583418,8.944834080323047E10,0
729.4279153084591,106.22558324788717,8.944834080323047E10,0
729.8238697730135,106.27202388826262,8.944834080323047E10,0
728.9848237303845,107.49368678254119,8.944834080323047E10,0
727.9332895487805,109.10086036999617,8.944834080323047E10,0
727.2964441379103,110.36645547258321,8.944834080323047E10,0
726.6603792625424,110.48061732416004,8.944834080323047E10,0
726.0633136551903,110.95021116243112,8.944834080323047E10,0
726.1032266993052,111.80487158320955,8.944834080323047E10,0
725.4444724961829,112.62806154639583,8.944834080323047E10,0
725.4175447745554,113.59034215121059,8.944834080323047E10,0
725.660280059485,113.5086745215492,8.944834080323047E10,0
724.787096828427,112.75527233043077,8.944834080323047E10,0
724.1832924443906,111.55859615855744,8.944834080323047E10,0
724.6479278372907,110.66647598184437,8.944834080323047E10,0
724.966352044582,109.94994143786339,8.944834080323047E10,0
726.5171210458694,109.07692556334369,8.944834080323047E10,0
726.9355878593966,108.40825077960739,8.944834080323047E10,0
727.268708859457,107.61946557729921,8.944834080323047E10,0
728.3752041216958,106.85693167211801,8.944834080323047E10,0
728.9520106979288,106.59492245451477,8.944834080323047E10,0
729.3356534496912,106.63486730814566,8.944834080323047E10,0
729.7394037489981,106.5358598248454,8.944834080323047E10,0
729.8137780261385,105.85172124371702,8.944834080323047E10,0
728.6064778661453,106.78397904849683,8.944834080323047E10,0
727.3750993998307,108.15012363614782,8.944834080323047E10,0
726.327721109135,110.35603802319555,8.944834080323047E10,0
725.9611814065844,112.22085754470865,8.944834080323047E10,0
725.418934454104,112.90905021265604,8.944834080323047E10,0
724.3303752966739,113.52632510576282,8.944834080323047E10,0
724.9344534616122,112.95500066796893,8.944834080323047E10,0
725.6685522034544,111.63087162813105,8.944834080323047E10,0
726.3132051536043,110.44229198305679,8.944834080323047E10,0
726.7250685212571,109.85426321420032,8.944834080323047E10,0
727.5176282852777,109.53606994193456,8.944834080323047E10,0
727.6122207276725,110.07243918587918,8.944834080323047E10,0
726.8457460610281,111.24977324803581,8.944834080323047E10,0
726.120498418112,112.2436743086913,8.944834080323047E10,0
725.4127276606125,112.88850529896568,8.944834080323047E10,0
725.7210333075609,112.41903774351734,8.944834080323047E10,0
726.0204367898299,111.97489810860287,8.944834080323047E10,0
726.8966119108247,111.40169165204429,8.944834080323047E10,0
727.1143323408155,111.43467886258848,8.944834080323047E10,0
727.2311417490616,110.95585306556058,8.944834080323047E10,0
727.0312596235376,110.72950185394312,8.944834080323047E10,0
727.3583685935811,111.11490878732948,8.944834080323047E10,0
728.7108688462793,110.00473976531265,8.944834080323047E10,0
729.2421773859369,108.34146405892837,8.944834080323047E10,0
729.6517440649109,107.19436416199935,8.944834080323047E10,0
729.9350306174118,106.717831021556,8.944834080323047E10,0
730.2781337572264,106.5375458160733,8.944834080323047E10,0
730.6243239861683,107.02126994574932,8.944834080323047E10,0
731.1530856278081,107.56035153224427,8.944834080323047E10,0
730.8522986191971,107.50950840165599,8.944834080323047E10,0
729.8547357338782,107.0674251554917,8.944834080323047E10,0
728.476484127205,107.14316691200749,8.944834080323047E10,0
727.6529164802126,107.43705775263703,8.944834080323047E10,0
727.7246834548764,107.03711041376903,8.944834080323047E10,0
727.5806362953199,107.58770870561825,8.944834080323047E10,0
726.9163671264291,109.43569674862461,8.944834080323047E10,0
726.7870255461272,110.34077058148257,8.944834080323047E10,0
726.8988907135287,110.40898570198217,8.944834080323047E10,0
727.1313658197163,111.21211043585987,8.944834080323047E10,0
727.0575327014483,111.54464296406134,8.944834080323047E10,0
727.2753165045825,111.276219278024,8.944834080323047E10,0
727.2741131586613,111.34467600960606,8.944834080323047E10,0
726.9424839932782,111.63621855168083,8.944834080323047E10,0
727.1576304177551,110.61763657382748,8.944834080323047E10,0
727.1446501448977,110.20747790268034,8.944834080323047E10,0
727.8137496827925,109.02628519459937,8.944834080323047E10,0
728.1297369300421,108.72761407832903,8.944834080323047E10,0
728.7267919135325,107.93466200494257,8.944834080323047E10,0
729.4059334404994,107.19360318928122,8.944834080323047E10,0
730.0375853281319,107.03684185151239,8.944834080323047E10,0
729.6021109479947,107.93811060424146,8.944834080323047E10,0
729.3489098573123,108.60131846388828,8.944834080323047E10,0
728.4936757954196,108.74213906697248,8.944834080323047E10,0
728.7536850697148,108.85243715909453,8.944834080323047E10,0
728.6314634261323,109.20541993535333,8.944834080323047E10,0
729.2999389263874,108.9800365864631,8.944834080323047E10,0
730.2584067918623,108.10953417216618,8.944834080323047E10,0
730.4453738793969,108.27564381177248,8.944834080323047E10,0
730.59637369331,108.7641321069426,8.944834080323047E10,0
730.446863282723,108.87442586924521,8.944834080323047E10,0
729.4381599741819,109.79480608100135,8.944834080323047E10,0
729.110671558487,110.16229771383232,8.944834080323047E10,0
728.893212113087,110.40970993627488,8.944834080323047E10,0
728.5289798155756,110.73467801369591,8.944834080323047E10,0
728.1773920426733,110.81768105986075,8.944834080323047E10,0
727.6801472149924,110.51059575797805,8.944834080323047E10,0
727.1722113444146,110.22249255769795,8.944834080323047E10,0
727.0870085515701,110.32239332460212,8.944834080323047E10,0
727.9344288126948,110.13215884579915,8.944834080323047E10,0
728.4627244039957,111.14988091091053,8.944834080323047E10,0
728.6627646944095,112.22060900240601,8.944834080323047E10,0
728.1712026135269,112.26555868600458,8.944834080323047E10,0
727.0365817262101,111.93315998416571,8.944834080323047E10,0
726.0790991692471,112.2392494505015,8.944834080323047E10,0
725.250988478293,113.28243022619579,8.944834080323047E10,0
724.997246629497,113.62342900486689,8.944834080323047E10,0
725.4211772261807,113.25604031263958,8.944834080323047E10,0
725.726449649898,113.06092703629089,8.944834080323047E10,0
726.0997603753231,112.94481749366716,8.944834080323047E10,0
726.7375561743142,111.68045253472937,8.944834080323047E10,0
726.9085063548848,110.55770926100077,8.944834080323047E10,0
727.5307858421497,109.10759595097103,8.944834080323047E10,0
727.9368967034826,108.1309085714591,8.944834080323047E10,0
728.116250003653,107.22439055849154,8.944834080323047E10,0
728.7839332378646,106.8284531670911,8.944834080323047E10,0
729.4111834835508,106.75128685836293,8.944834080323047E10,0
729.0732944947655,107.46817970119872,8.944834080323047E10,0
729.2053464971741,108.1763587986329,8.944834080323047E10,0
729.554588303271,108.36130031996724,8.944834080323047E10,0
730.2325908852962,107.82603084759582,8.944834080323047E10,0
730.0866142931095,107.97373280010066,8.944834080323047E10,0
729.7288688199569,108.4959883623636,8.944834080323047E10,0
729.3808135309771,108.50426616054136,8.944834080323047E10,0
728.440302766169,108.53452292107139,8.944834080323047E10,0
728.0899944373936,108.20354778984046,8.944834080323047E10,0
727.1135096034195,108.82167502638256,8.944834080323047E10,0
726.2971843401436,109.34255737863995,8.944834080323047E10,0
725.1201756920217,110.27476944147197,8.944834080323047E10,0
724.4819520228184,110.93633359503536,8.944834080323047E10,0
724.5190113939736,110.83883276434067,8.944834080323047E10,0
724.7672341970132,111.51392860195018,8.944834080323047E10,0
725.4836523074338,111.78593416225155,8.944834080323047E10,0
726.4269689698151,111.28501647793831,8.944834080323047E10,0
727.0581656346905,110.6474588645238,8.944834080323047E10,0
727.0936059482807,110.89719225673821,8.944834080323047E10,0
726.9532030352796,110.87679852635914,8.944834080323047E10,0
727.3270538119659,111.16451996946077,8.944834080323047E10,0
727.9830657220672,110.41823271265261,8.944834080323047E10,0
728.1479194372697,110.41203578845231,8.944834080323047E10,0
727.6617403855495,110.56560710844838,8.944834080323047E10,0
727.2180967647129,110.79276754848684,8.944834080323047E10,0
726.6828231921176,111.47585321670182,8.944834080323047E10,0
726.1222951671677,112.26593131670194,8.944834080323047E10,0
725.9065907980248,112.82413429089088,8.944834080323047E10,0
726.308941258088,112.49020298017712,8.944834080323047E10,0
726.9512200340886,111.67199161832188,8.944834080323047E10,0
726.9487991750407,111.41848340587067,8.944834080323047E10,0
726.5739630188375,110.67682391320838,8.944834080323047E10,0
727.1955940660737,109.27059188936843,8.944834080323047E10,0
727.5856780515077,108.09143767861568,8.944834080323047E10,0
728.3854960900761,107.15425904605786,8.944834080323047E10,0
729.3923107890948,106.49528445245704,8.944834080323047E10,0
730.5574468596641,105.96670494328312,8.944834080323047E10,0
731.2332410531725,106.09230788174881,8.944834080323047E10,0
731.2820928238932,106.40186750828464,8.944834080323047E10,0
730.4093922473763,107.46132884274128,8.944834080323047E10,0
729.6509575260185,108.85083413981187,8.944834080323047E10,0
729.5726166017993,109.44140025438286,8.944834080323047E10,0
729.0223075289433,109.53586493992451,8.944834080323047E10,0
728.6190869999405,109.89913990137204,8.944834080323047E10,0
728.2325917667097,109.98673939433361,8.944834080323047E10,0
726.7985876519483,111.09969177439996,8.944834080323047E10,0
726.3391391133545,110.91414565063197,8.944834080323047E10,0
725.6927972198342,111.2951718986311,8.944834080323047E10,0
725.7627287994002,111.66610331307966,8.944834080323047E10,0
726.0456710256368,112.40398892659974,8.944834080323047E10,0
726.016395165386,113.1489145139387,8.944834080323047E10,0
726.4543008763429,113.15788950707858,8.944834080323047E10,0
727.318047372148,111.9360923661032,8.944834080323047E10,0
728.3829747623585,110.95982192383228,8.944834080323047E10,0
728.7562851955785,109.77630738577454,8.944834080323047E10,0
728.9423181289036,108.23422607088143,8.944834080323047E10,0
729.4528500636104,106.11978529903004,8.944834080323047E10,0
730.215733404073,104.78940192997034,8.944834080323047E10,0
729.9292055706039,104.66847971784645,8.944834080323047E10,0
728.917812498064,105.62624798297873,8.944834080323047E10,0
727.7592845438118,107.03837620294732,8.944834080323047E10,0
726.623820991788,109.22663855488803,8.944834080323047E10,0
725.336716051215,111.09752793357606,8.944834080323047E10,0
724.6864878258253,112.06509416881497,8.944834080323047E10,0
723.9156182289009,113.40828547227152,8.944834080323047E10,0
724.0703179218626,112.9775722231618,8.944834080323047E10,0
724.8028830023757,113.01614249544811,8.944834080323047E10,0
725.1328899581383,112.74817776221214,8.944834080323047E10,0
726.1089929231055,112.56493830420757,8.944834080323047E10,0
727.2350674816705,111.77739369632516,8.944834080323047E10,0
727.774957402595,111.8464633252084,8.944834080323047E10,0
727.9758408622453,110.52586135951795,8.944834080323047E10,0
727.8464903853435,110.11296305473759,8.944834080323047E10,0
728.0390600394796,109.84540640892335,8.944834080323047E10,0
727.5001297303853,109.2432480731606,8.944834080323047E10,0
727.1529705862284,108.59440646356784,8.944834080323047E10,0
726.4712225113145,108.84882647907902,8.944834080323047E10,0
726.4647386807416,109.00794182884776,8.944834080323047E10,0
726.0130033706664,108.63294264099494,8.944834080323047E10,0
725.2781303718414,109.6784936710854,8.944834080323047E10,0
724.2762588311888,110.88784424398358,8.944834080323047E10,0
724.5648185551584,110.64483548365978,8.944834080323047E10,0
725.8137720755711,109.10840850407318,8.944834080323047E10,0
727.2510099864403,108.22584861005996,8.944834080323047E10,0
728.9949253930753,107.52836403240698,8.944834080323047E10,0
730.4643848146536,106.62756188527686,8.944834080323047E10,0
730.9793398643102,107.62422917208437,8.944834080323047E10,0
731.7472888235135,108.10029886492684,8.944834080323047E10,0
731.9729996071218,107.50006711456606,8.944834080323047E10,0
732.0114757148888,106.71235145222775,8.944834080323047E10,0
731.2826349608597,106.04173292260481,8.944834080323047E10,0
730.7603261366319,105.66130081346984,8.944834080323047E10,0
730.2116433933502,105.7010958105811,8.944834080323047E10,0
729.4278974531467,105.92378347211509,8.944834080323047E10,0
728.8390749957065,106.93731946976494,8.944834080323047E10,0
727.7928648280936,107.29926230234481,8.944834080323047E10,0
726.8864582989719,108.00801603794923,8.944834080323047E10,0
726.0659556704,108.80400473436057,8.944834080323047E10,0
726.5156862929937,108.6542700708736,8.944834080323047E10,0
727.0161486646092,108.36572289570502,8.944834080323047E10,0
727.4020314238232,108.45818539820873,8.944834080323047E10,0
728.619150209181,108.49310234328135,8.944834080323047E10,0
730.4804211999161,107.9898354826117,8.944834080323047E10,0
731.3640757705328,108.26894056370286,8.944834080323047E10,0
731.8889247390298,108.85679419082831,8.944834080323047E10,0
731.8031327561117,110.32440979884977,8.944834080323047E10,0
730.5890738185179,111.6760093937484,8.944834080323047E10,0
729.1223881100675,112.914383209561,8.944834080323047E10,0
727.8695285358755,112.8154990096782,8.944834080323047E10,0
726.9749217958448,112.43096079179955,8.944834080323047E10,0
725.7489644784466,110.97669385185877,8.944834080323047E10,0
724.1745524915451,110.33452410775612,8.944834080323047E10,0
723.6953574934436,109.58141653016423,8.944834080323047E10,0
723.3550462568343,108.65743835670854,8.944834080323047E10,0
722.9863185684887,108.73208113493205,8.944834080323047E10,0
723.3361168757474,109.09958155043275,8.944834080323047E10,0
723.3974656223717,109.93458785549724,8.944834080323047E10,0
723.5962161015382,110.58232841121973,8.944834080323047E10,0
724.6354948568143,110.58860970751067,8.944834080323047E10,0
725.651762241409,110.0680194412808,8.944834080323047E10,0
727.0462086175087,109.3066328570889,8.944834080323047E10,0
728.558186747849,108.41852552264143,8.944834080323047E10,0
728.7623335169542,107.84709382013745,8.944834080323047E10,0
729.2265504607533,106.84534619137766,8.944834080323047E10,0
729.2098223782235,106.35033065788654,8.944834080323047E10,0
728.3454569355371,106.7312830078879,8.944834080323047E10,0
728.1261769589448,107.13474174342728,8.944834080323047E10,0
728.3032791527579,107.42940883513914,8.944834080323047E10,0
728.2806295940809,108.06437585627857,8.944834080323047E10,0
728.2492357494838,108.59352032396886,8.944834080323047E10,0
727.7573677076481,109.22507002309361,8.944834080323047E10,0
728.543582045098,110.00128947880283,8.944834080323047E10,0
729.4634673421886,110.33718052274128,8.944834080323047E10,0
730.2515191012901,109.75204444301599,8.944834080323047E10,0
730.5255315140805,108.82395073329052,8.944834080323047E10,0
729.7807530488722,108.38299224262276,8.944834080323047E10,0
729.5719512149561,107.66960950235747,8.944834080323047E10,0
729.0107522450047,108.1280642375524,8.944834080323047E10,0
728.626294022865,108.22299831373537,8.944834080323047E10,0
727.9788228915677,108.56501014709357,8.944834080323047E10,0
728.282547763222,108.10977888338303,8.944834080323047E10,0
728.7869913091682,106.96230037456128,8.944834080323047E10,0
728.8361553321887,106.53981826063857,8.944834080323047E10,0
728.0450067571763,107.14851322984508,8.944834080323047E10,0
727.5265909348416,107.49853440781605,8.944834080323047E10,0
726.7594489695153,108.27292326243867,8.944834080323047E10,0
725.8251018507059,109.17017989218584,8.944834080323047E10,0
725.824688888291,109.31499221576512,8.944834080323047E10,0
725.6531870046737,109.39107705189777,8.944834080323047E10,0
725.3815866539933,109.93716623186222,8.944834080323047E10,0
724.6167250002392,111.24247302993561,8.944834080323047E10,0
724.2003285518613,112.68443780012056,8.944834080323047E10,0
723.9883831062798,113.04703069629215,8.944834080323047E10,0
724.1240787213527,113.28440247157998,8.944834080323047E10,0
725.4511232876041,112.43133979930555,8.944834080323047E10,0
725.8515824493825,112.15176151564602,8.944834080323047E10,0
725.4121524962258,112.6528679453682,8.944834080323047E10,0
724.7757559731476,112.65726222376719,8.944834080323047E10,0
725.0318901987872,112.23542873799279,8.944834080323047E10,0
725.3528180933617,112.73831795066731,8.944834080323047E10,0
726.4510733755459,112.66994480917309,8.944834080323047E10,0
728.3884893810401,111.76568858446302,8.944834080323047E10,0
729.8222358980754,111.13353585583914,8.944834080323047E10,0
730.5421791862624,110.84687101415041,8.944834080323047E10,0
730.5142378814512,110.91735017475692,8.944834080323047E10,0
730.2593743358786,110.0080891939943,8.944834080323047E10,0
730.167646438377,108.80193702442133,8.944834080323047E10,0
729.8923872220057,108.4406312756617,8.944834080323047E10,0
729.2876472768376,108.1727761936338,8.944834080323047E10,0
728.7618285387776,108.54678699773535,8.944834080323047E10,0
728.6867446622633,109.48380488279108,8.944834080323047E10,0
728.4095450369123,109.88278090749822,8.944834080323047E10,0
728.0903652853403,109.88631176071192,8.944834080323047E10,0
727.3641194146526,109.9699991130839,8.944834080323047E10,0
726.9366980782493,110.36725645307646,8.944834080323047E10,0
726.2450795363405,110.8076258177388,8.944834080323047E10,0
726.7386027793075,110.95754335988222,8.944834080323047E10,0
727.2934243634749,110.9936206264718,8.944834080323047E10,0
728.2333437666133,110.04056291164952,8.944834080323047E10,0
728.2967844972839,109.91786189726496,8.944834080323047E10,0
728.5180547653739,109.37682958801302,8.944834080323047E10,0
729.0356405473988,109.75248236023215,8.944834080323047E10,0
729.9307352513157,109.88673522954757,8.944834080323047E10,0
730.6689034729803,109.55628438013225,8.944834080323047E10,0
731.080110256931,109.1656988068202,8.944834080323047E10,0
731.3541893485203,109.40289682620755,8.944834080323047E10,0
731.5133201352137,109.12498374011268,8.944834080323047E10,0
731.8181344167044,109.11094405310945,8.944834080323047E10,0
731.9866085054684,109.06150326541245,8.944834080323047E10,0
731.5121737552724,109.53868856895839,8.944834080323047E10,0
730.6828011288287,109.66657476296261,8.944834080323047E10,0
730.2492398884431,109.84416269902003,8.944834080323047E10,0
729.7491433943479,109.5675998003742,8.944834080323047E10,0
729.177747553685,109.80509326149918,8.944834080323047E10,0
728.8359244053288,109.40898901668449,8.944834080323047E10,0
727.5772127390642,109.73411928176304,8.944834080323047E10,0
727.094068464755,109.66998144562031,8.944834080323047E10,0
726.591536644138,108.98853839868531,8.944834080323047E10,0
726.69685795394,108.00746622819575,8.944834080323047E10,0
726.6944976247224,107.20822702064845,8.944834080323047E10,0
726.5829159966204,107.01246839943106,8.944834080323047E10,0
726.7391929838591,107.34395397849414,8.944834080323047E10,0
726.4970422197539,108.6468509929192,8.944834080323047E10,0
726.3068798762795,109.89959441550627,8.944834080323047E10,0
726.617925615044,110.64998296014659,8.944834080323047E10,0
726.6288629892833,111.00499133563497,8.944834080323047E10,0
727.0161763916639,111.50671965220181,8.944834080323047E10,0
726.5455814044138,112.08426354026489,8.944834080323047E10,0
726.4286812014954,112.23664051457595,8.944834080323047E10,0
727.6199530586916,111.990044947259,8.944834080323047E10,0
729.1593202424964,111.083571124748,8.944834080323047E10,0
730.789665625274,110.68739788774742,8.944834080323047E10,0
731.1067634798883,111.19738003378329,8.944834080323047E10,0
731.2053863447226,111.44627684649147,8.944834080323047E10,0
731.0400961679194,111.3901968212123,8.944834080323047E10,0
730.2774714687529,111.36595348862461,8.944834080323047E10,0
729.2165193923116,111.47272167638009,8.944834080323047E10,0
728.2446742437054,110.5253432624984,8.944834080323047E10,0
727.0013242046953,109.19006230858446,8.944834080323047E10,0
726.398687201268,107.92824181437128,8.944834080323047E10,0
726.9409438042612,107.17507483894344,8.944834080323047E10,0
727.8730910839765,107.3648911708511,8.944834080323047E10,0
728.6363413219841,108.37158081777523,8.944834080323047E10,0
729.4970648688449,109.45105289692975,8.944834080323047E10,0
729.8763847520092,109.71621388379249,8.944834080323047E10,0
730.5358515879509,109.9109674266328,8.944834080323047E10,0
730.2038765840423,109.36402977734592,8.944834080323047E10,0
730.0803766947287,108.94963399219084,8.944834080323047E10,0
730.4299780140325,109.43637972671542,8.944834080323047E10,0
731.0842663275401,109.18066149838864,8.944834080323047E10,0
732.0221417304127,108.2552380440455,8.944834080323047E10,0
731.8732488900234,107.30175206516464,8.944834080323047E10,0
731.2256346833466,107.1474105318796,8.944834080323047E10,0
730.510753245228,107.18595604434076,8.944834080323047E10,0
729.1162461732692,107.74586168001746,8.944834080323047E10,0
728.368810377617,108.2743017950327,8.944834080323047E10,0
728.0403057053961,108.59203312851211,8.944834080323047E10,0
727.5678317635442,108.32843654224787,8.944834080323047E10,0
727.5433177689447,109.00181319351911,8.944834080323047E10,0
727.0790782943197,109.57889822664796,8.944834080323047E10,0
727.2676190236831,110.40849236618993,8.944834080323047E10,0
727.8173871645242,109.66066723533763,8.944834080323047E10,0
727.6030259975935,109.44946258556764,8.944834080323047E10,0
727.1813226221295,109.70121101667674,8.944834080323047E10,0
727.1865458538532,110.00467211210986,8.944834080323047E10,0
727.7947180234075,110.16055631719705,8.944834080323047E10,0
727.7839871066153,109.45709236206987,8.944834080323047E10,0
728.4503187228322,108.43320025825851,8.944834080323047E10,0
728.9322577532666,107.11254890754167,8.944834080323047E10,0
728.6983490619397,106.80831570215354,8.944834080323047E10,0
729.628377923268,105.86259297638375,8.944834080323047E10,0
731.0104931947318,105.25347051542114,8.944834080323047E10,0
731.3603511596025,105.16280565514671,8.944834080323047E10,0
730.8164887431808,105.57597223570593,8.944834080323047E10,0
730.7154824492537,105.40068189942552,8.944834080323047E10,0
730.2848981720789,105.9076965628938,8.944834080323047E10,0
729.170654718439,107.22346995317298,8.944834080323047E10,0
728.2156856351817,107.72857181725833,8.944834080323047E10,0
727.9921606548104,107.38973133913785,8.944834080323047E10,0
728.10924984527,107.45202202684825,8.944834080323047E10,0
728.2459499250001,107.45731945370835,8.944834080323047E10,0
728.2377287603765,107.82631690543619,8.944834080323047E10,0
728.6432130607665,107.76394027589551,8.944834080323047E10,0
728.0943922211047,109.01462783610904,8.944834080323047E10,0
727.794600255972,109.75691301879242,8.944834080323047E10,0
727.9949591442579,110.43562867838479,8.944834080323047E10,0
728.1627453419894,110.30648756457538,8.944834080323047E10,0
728.8444834088928,109.75905732849147,8.944834080323047E10,0
729.2545228177149,109.11347316180147,8.944834080323047E10,0
729.4975910584262,107.75547260600302,8.944834080323047E10,0
729.3763198463754,108.03104048387453,8.944834080323047E10,0
729.2747696028872,107.63542769745166,8.944834080323047E10,0
728.8440656636441,108.05749816845777,8.944834080323047E10,0
728.1168120105154,108.80108628102397,8.944834080323047E10,0
727.7721219215193,109.06722621075029,8.944834080323047E10,0
727.5650902543473,109.59933744790216,8.944834080323047E10,0
727.5917968352385,110.04231946474589,8.944834080323047E10,0
727.9159248607034,110.38399836693543,8.944834080323047E10,0
727.9575623206008,110.21189576051387,8.944834080323047E10,0
727.9056606344742,110.53050431666898,8.944834080323047E10,0
727.8021574044653,110.08269491290518,8.944834080323047E10,0
728.5716191866723,108.56746882413456,8.944834080323047E10,0
728.6235187236326,107.17694342519364,8.944834080323047E10,0
728.3306510916677,107.09733843017203,8.944834080323047E10,0
727.02267137261,108.5459677310908,8.944834080323047E10,0
726.6227561004425,109.1199264481637,8.944834080323047E10,0
725.8607211470767,109.9222609126045,8.944834080323047E10,0
725.4761698558164,110.32578624859384,8.944834080323047E10,0
725.3626514562276,109.93433258459105,8.944834080323047E10,0
725.3193973283228,110.12087383813473,8.944834080323047E10,0
724.8981091627286,110.86650137042993,8.944834080323047E10,0
724.9730940999344,111.36742084947295,8.944834080323047E10,0
725.4350390395866,112.04473919634076,8.944834080323047E10,0
726.6562744597284,111.91875818845958,8.944834080323047E10,0
728.2176933968375,111.2829756503705,8.944834080323047E10,0
729.1659254532941,110.31369612592826,8.944834080323047E10,0
729.5526029244545,109.65837260905117,8.944834080323047E10,0
730.0965011089085,107.79550717121036,8.944834080323047E10,0
729.5922484379361,107.10810869690656,8.944834080323047E10,0
729.2949724753346,106.5998530848266,8.944834080323047E10,0
728.6825025382178,106.79113956625356,8.944834080323047E10,0
727.6108048975856,107.5858202818053,8.944834080323047E10,0
726.7805419811685,108.7251944386854,8.944834080323047E10,0
726.1480366727548,110.50491213602969,8.944834080323047E10,0
726.330471805023,110.9154021374813,8.944834080323047E10,0
726.6850171847124,111.39083143131742,8.944834080323047E10,0
727.1928037030947,111.52925719490077,8.944834080323047E10,0
728.5105603748366,110.7639623791753,8.944834080323047E10,0
730.0059319132477,109.60072721544194,8.944834080323047E10,0
730.6948142555045,108.95570885278367,8.944834080323047E10,0
731.3404776696556,107.55130036130222,8.944834080323047E10,0
731.5708154396204,105.8885384626931,8.944834080323047E10,0
732.2838455022135,103.86313148896711,8.944834080323047E10,0
731.8223059570468,103.82508586649915,8.944834080323047E10,0
731.3492548358857,103.88366404596118,8.944834080323047E10,0
730.5477271778201,103.96066586875081,8.944834080323047E10,0
730.3124909244171,104.39651615159507,8.944834080323047E10,0
729.9279231681644,105.34295043146459,8.944834080323047E10,0
729.9482449044649,106.35042863279902,8.944834080323047E10,0
730.2309867462255,106.6395024568738,8.944834080323047E10,0
730.5957311995649,107.5874796857097,8.944834080323047E10,0
731.1783699772903,108.84908623839347,8.944834080323047E10,0
731.3753039440198,109.27127856076986,8.944834080323047E10,0
730.7785210108223,109.81382449053896,8.944834080323047E10,0
729.0955762616561,110.93885412848766,8.944834080323047E10,0
727.6690173522616,111.97456779074508,8.944834080323047E10,0
726.7158229481652,112.31530042892344,8.944834080323047E10,0
726.1189727131565,111.60379146021464,8.944834080323047E10,0
726.3019751440975,111.1389489204652,8.944834080323047E10,0
726.3774215671616,110.76358284157942,8.944834080323047E10,0
726.0474927506265,110.55436768513917,8.944834080323047E10,0
726.5787013273385,109.55300425917656,8.944834080323047E10,0
726.7771269817639,109.70268692718527,8.944834080323047E10,0
727.3067360614839,109.47697667586647,8.944834080323047E10,0
728.1860048118941,109.3186974085225,8.944834080323047E10,0
729.5111991165902,108.62420391479824,8.944834080323047E10,0
730.1475469009093,109.26009303519773,8.944834080323047E10,0
729.9225276845982,109.74225304936019,8.944834080323047E10,0
729.5428386911849,110.24966458171448,8.944834080323047E10,0
728.4839998858716,110.90300433095196,8.944834080323047E10,0
727.7230300370242,111.03395565207269,8.944834080323047E10,0
726.8619696539955,112.3561046173532,8.944834080323047E10,0
726.858659025424,112.84531578524307,8.944834080323047E10,0
726.9343500808402,111.80262695006981,8.944834080323047E10,0
726.9832587619179,111.09388662959734,8.944834080323047E10,0
727.0635364509864,110.4271730282185,8.944834080323047E10,0
727.7011839405825,109.47178730900316,8.944834080323047E10,0
727.7848080138057,110.16982437334826,8.944834080323047E10,0
728.1793261572542,109.84668186408534,8.944834080323047E10,0
728.8196379030604,108.9089259975009,8.944834080323047E10,0
729.2729407008339,107.80512344960646,8.944834080323047E10,0
729.0710652984009,107.92289891853954,8.944834080323047E10,0
728.8325953528598,108.39793420416999,8.944834080323047E10,0
728.8700460430254,109.4442869662259,8.944834080323047E10,0
728.7004334587912,109.96978272968614,8.944834080323047E10,0
727.7247832632313,110.72419028887018,8.944834080323047E10,0
727.1986403174875,110.98637112576172,8.944834080323047E10,0
726.3911816333448,111.53664009576586,8.944834080323047E10,0
725.9565757734297,111.21024753272097,8.944834080323047E10,0
726.9911070317592,110.93636702858291,8.944834080323047E10,0
728.6178870315655,109.95075455966412,8.944834080323047E10,0
730.0688183807422,109.28268516960416,8.944834080323047E10,0
731.71062279319,108.0720415104989,8.944834080323047E10,0
733.3275939282915,107.4895387142246,8.944834080323047E10,0
733.1445949492545,107.47658005615654,8.944834080323047E10,0
733.053710418368,107.05184944587289,8.944834080323047E10,0
731.6410054167952,107.94453119438121,8.944834080323047E10,0
730.0941910690009,108.99455673490557,8.944834080323047E10,0
728.9072625480986,109.7042701985779,8.944834080323047E10,0
728.0335586438589,110.10894969558018,8.944834080323047E10,0
727.7071443272097,110.1999886197225,8.944834080323047E10,0
727.161965419181,110.67758419545453,8.944834080323047E10,0
726.9910408466943,110.70510211877699,8.944834080323047E10,0
727.3808504128242,109.85959776378529,8.944834080323047E10,0
727.559169575645,109.22569212490282,8.944834080323047E10,0
727.9413230864014,108.6284687214176,8.944834080323047E10,0
727.8139264701292,108.92193779308226,8.944834080323047E10,0
728.110273392561,108.72930595480048,8.944834080323047E10,0
728.5760904397721,108.07034387303815,8.944834080323047E10,0
729.6683557628824,107.86679687129556,8.944834080323047E10,0
729.5552001081883,108.2568903965203,8.944834080323047E10,0
728.8082741211722,108.97437196870263,8.944834080323047E10,0
728.123828018143,108.75900273073103,8.944834080323047E10,0
727.7521670233544,109.34960760776119,8.944834080323047E10,0
727.1449634746916,110.3585362691419,8.944834080323047E10,0
727.1887693139032,110.1811710868363,8.944834080323047E10,0
727.8371655831194,110.15407013808789,8.944834080323047E10,0
727.4367061697109,110.83968164220836,8.944834080323047E10,0
727.0351936935951,111.43508496240383,8.944834080323047E10,0
726.8661820027739,111.46769913681095,8.944834080323047E10,0
727.0008429168953,110.52435332148893,8.944834080323047E10,0
727.1269172510864,110.14221215622614,8.944834080323047E10,0
727.4376934406794,109.78131303333711,8.944834080323047E10,0
728.6906080926693,108.51657894191236,8.944834080323047E10,0
730.311953499037,106.57764222202695,8.944834080323047E10,0
731.0469217833875,105.2388287512269,8.944834080323047E10,0
731.2138936523172,104.10465226560686,8.944834080323047E10,0
731.2108923456713,104.41626028769527,8.944834080323047E10,0
731.0197493724188,104.7431728777758,8.944834080323047E10,0
730.4873740136882,105.83982140173508,8.944834080323047E10,0
730.0734365895086,106.98193937583757,8.944834080323047E10,0
730.1025681807397,108.14009753365143,8.944834080323047E10,0
729.6086385046013,108.39540985054585,8.944834080323047E10,0
729.1087985627845,108.69657564465942,8.944834080323047E10,0
728.9285061990903,108.9351439267795,8.944834080323047E10,0
728.7405261603748,109.5717748711378,8.944834080323047E10,0
728.439578571784,109.82475016438299,8.944834080323047E10,0
728.2198272618674,110.50937444247114,8.944834080323047E10,0
727.4255670854012,110.28852342615816,8.944834080323047E10,0
726.3034486597345,110.77018187107487,8.944834080323047E10,0
725.2434346638087,110.6901950166642,8.944834080323047E10,0
724.1141377278509,112.16206605782438,8.944834080323047E10,0
723.3189608137095,113.18682422232499,8.944834080323047E10,0
723.4353898703331,113.36929938416726,8.944834080323047E10,0
723.5499518127538,113.62873319776018,8.944834080323047E10,0
724.5067192719667,112.73317596610849,8.944834080323047E10,0
726.4635052674321,111.556651185773,8.944834080323047E10,0
728.1429033328274,111.26940751006259,8.944834080323047E10,0
730.0211431691981,110.79668844434195,8.944834080323047E10,0
731.2062965222062,109.7739339347983,8.944834080323047E10,0
731.3746742255466,109.69234436123246,8.944834080323047E10,0
730.4824848931437,110.32005636648465,8.944834080323047E10,0
729.7181463719091,110.35465332672922,8.944834080323047E10,0
729.3845948847642,109.50920087789125,8.944834080323047E10,0
728.9756204520361,109.0033894716668,8.944834080323047E10,0
728.9701904609034,108.8053558572799,8.944834080323047E10,0
729.0534183168734,108.57893334001427,8.944834080323047E10,0
728.8279606122677,108.92788011596198,8.944834080323047E10,0
727.8005261795289,110.46053183021877,8.944834080323047E10,0
726.254071599604,111.35173732016676,8.944834080323047E10,0
725.2872301535473,112.15328270578595,8.944834080323047E10,0
724.5134034835341,113.63187649410281,8.944834080323047E10,0
723.8037517454451,114.308646572159,8.944834080323047E10,0
723.8641861631104,114.56574634740797,8.944834080323047E10,0
724.1926500655587,113.46809301847571,8.944834080323047E10,0
724.9674635771421,111.66888898301997,8.944834080323047E10,0
725.8892136959638,110.11138317070386,8.944834080323047E10,0
727.1391858603929,108.89501855706196,8.944834080323047E10,0
728.1434092226233,108.54888868846228,8.944834080323047E10,0
728.7903098979127,108.53804984460415,8.944834080323047E10,0
727.9221268016821,108.5424626133271,8.944834080323047E10,0
727.3618569597322,108.34179221665816,8.944834080323047E10,0
726.6839707455368,108.24880203253927,8.944834080323047E10,0
726.0945548628672,108.22960205599274,8.944834080323047E10,0
725.4930515787746,108.54289770768293,8.944834080323047E10,0
725.4352463453541,109.09751326804884,8.944834080323047E10,0
726.3491366032558,109.1824619624666,8.944834080323047E10,0
727.4909661282901,109.49993317453828,8.944834080323047E10,0
728.4157058361133,110.09887069904829,8.944834080323047E10,0
728.9575736230929,109.89603214165494,8.944834080323047E10,0
729.9405053058556,109.75841399872662,8.944834080323047E10,0
730.8212339735395,108.51449567300928,8.944834080323047E10,0
730.6107566817976,108.51255356635943,8.944834080323047E10,0
730.1318156981635,107.86565820624372,8.944834080323047E10,0
729.1992395076611,107.85054339544189,8.944834080323047E10,0
728.6063109528206,107.4545274340947,8.944834080323047E10,0
727.5634493105085,107.34021549261769,8.944834080323047E10,0
726.7358301824604,107.23613913419341,8.944834080323047E10,0
726.9244846138,107.02061269631946,8.944834080323047E10,0
727.4736614733899,107.085528828939,8.944834080323047E10,0
726.9803164056718,107.72410909772184,8.944834080323047E10,0
726.0533099825788,108.50452968587777,8.944834080323047E10,0
725.7434894768744,108.51089753805141,8.944834080323047E10,0
726.9069292964804,108.27700909656271,8.944834080323047E10,0
727.9768441931224,108.01977986927373,8.944834080323047E10,0
728.3156158478898,108.55440816561605,8.944834080323047E10,0
728.6112202370621,109.25655400634456,8.944834080323047E10,0
728.8678152416151,109.94285326519375,8.944834080323047E10,0
729.3954209857873,109.26681159315062,8.944834080323047E10,0
729.4310260848737,109.04985463182226,8.944834080323047E10,0
729.2178134372608,109.80460308870715,8.944834080323047E10,0
728.3364769243898,111.28998568441965,8.944834080323047E10,0
727.7293307816104,112.39916398588404,8.944834080323047E10,0
727.2231510184489,113.0288356889626,8.944834080323047E10,0
727.3118222317512,113.38006397420263,8.944834080323047E10,0
727.1719710343488,112.44008475864693,8.944834080323047E10,0
726.427011246545,112.4288824259075,8.944834080323047E10,0
726.0838091268017,111.48662845134527,8.944834080323047E10,0
726.7398016019974,109.57578881413963,8.944834080323047E10,0
727.3113316578023,108.48598114861046,8.944834080323047E10,0
728.5294574580311,108.36013232338476,8.944834080323047E10,0
728.9967316111657,108.69995285871973,8.944834080323047E10,0
729.6627452247585,108.62468647492776,8.944834080323047E10,0
730.537196133392,107.98841924158944,8.944834080323047E10,0
730.8187438508556,108.16919266316428,8.944834080323047E10,0
730.7356674556372,108.2238238563262,8.944834080323047E10,0
730.5583561239503,108.65748109465686,8.944834080323047E10,0
730.3864950585452,109.89313505203047,8.944834080323047E10,0
729.7301306149686,110.5459316788181,8.944834080323047E10,0
729.030710616791,110.44727786387453,8.944834080323047E10,0
728.8862281320523,110.35150132395613,8.944834080323047E10,0
728.1819783807616,110.03950342207125,8.944834080323047E10,0
728.0784306879156,110.1846995263378,8.944834080323047E10,0
727.3893276464986,110.25761739011692,8.944834080323047E10,0
726.2219926930765,111.10929176787165,8.944834080323047E10,0
724.9775546348367,111.85519057607789,8.944834080323047E10,0
724.4456972014084,112.67559201060877,8.944834080323047E10,0
724.533299087818,113.0465064469679,8.944834080323047E10,0
724.7267572301555,113.05704420352875,8.944834080323047E10,0
725.0259354168082,112.92788306180488,8.944834080323047E10,0
725.2219099816556,112.56819329081428,8.944834080323047E10,0
725.1207658340695,112.18307947403375,8.944834080323047E10,0
726.0744033645816,111.04198301769975,8.944834080323047E10,0
727.1678241709003,110.17638170927711,8.944834080323047E10,0
728.3772035056311,109.92002731571384,8.944834080323047E10,0
729.7429303123652,109.09369677394191,8.944834080323047E10,0
730.4048476066544,109.13646714415111,8.944834080323047E10,0
730.255405840393,109.73093035020376,8.944834080323047E10,0
729.9352858297885,109.56150551764813,8.944834080323047E10,0
729.1837019708755,109.96627485690911,8.944834080323047E10,0
728.3403976987883,109.86771646926593,8.944834080323047E10,0
727.7182138983438,109.49780910543254,8.944834080323047E10,0
726.9081383393167,110.16805318442997,8.944834080323047E10,0
726.3030464617998,110.79331761846123,8.944834080323047E10,0
726.4020585274669,110.63351210031901,8.944834080323047E10,0
725.9653418174307,111.45011444775122,8.944834080323047E10,0
726.0430631485401,112.08479499622239,8.944834080323047E10,0
726.0788197730266,112.03023306566914,8.944834080323047E10,0
726.8486213986619,112.02374465902804,8.944834080323047E10,0
727.303874853621,112.02568403120956,8.944834080323047E10,0
727.2261997866909,110.96937152125872,8.944834080323047E10,0
726.7002000233329,110.29456158188225,8.944834080323047E10,0
725.906773075969,109.93365985746308,8.944834080323047E10,0
726.3402642272538,109.41074613393913,8.944834080323047E10,0
726.903321504953,108.92480207102098,8.944834080323047E10,0
727.0851510565354,108.75414108822949,8.944834080323047E10,0
727.4627679479355,108.59892315676434,8.944834080323047E10,0
727.492942599145,108.67312895958574,8.944834080323047E10,0
726.8605028406141,109.33334071558401,8.944834080323047E10,0
726.8011241879058,109.67300354749405,8.944834080323047E10,0
727.0016801605168,110.03421560785061,8.944834080323047E10,0
726.9798107509573,110.67964700406061,8.944834080323047E10,0
727.4129226214494,110.74008276350008,8.944834080323047E10,0
727.8515703269399,110.42512282304307,8.944834080323047E10,0
728.425620565949,108.95858057652593,8.944834080323047E10,0
728.5598261012836,109.37040171853559,8.944834080323047E10,0
729.643312563856,108.98727101366569,8.944834080323047E10,0
730.4883644496983,107.42338003787158,8.944834080323047E10,0
731.8269964592089,105.6146150670983,8.944834080323047E10,0
732.3432648303951,105.66183006070302,8.944834080323047E10,0
732.4871957310548,106.87412766095713,8.944834080323047E10,0
732.0937554440144,107.40571621870241,8.944834080323047E10,0
731.5164280446886,107.96078089418057,8.944834080323047E10,0
730.5731759452286,108.46027842270168,8.944834080323047E10,0
729.3693902962955,109.01548085409787,8.944834080323047E10,0
728.6549386735782,109.47357244992033,8.944834080323047E10,0
727.7865673394158,110.4608422695843,8.944834080323047E10,0
726.6738726510913,111.16956551682337,8.944834080323047E10,0
726.3900753063474,111.23517571645613,8.944834080323047E10,0
726.9555886764937,110.06270621321617,8.944834080323047E10,0
727.2233041116687,108.61315462422975,8.944834080323047E10,0
727.3602748161144,107.70777651909053,8.944834080323047E10,0
727.6105163632386,107.19413554202352,8.944834080323047E10,0
727.3367928309618,108.06664361626927,8.944834080323047E10,0
726.8256768702029,108.97819027157922,8.944834080323047E10,0
727.302384070561,109.9784005725962,8.944834080323047E10,0
727.4687281087454,111.27696681357884,8.944834080323047E10,0
727.7418407428128,111.48964108172093,8.944834080323047E10,0
728.2297125195175,111.21426402987602,8.944834080323047E10,0
728.5126483491933,110.91860815052068,8.944834080323047E10,0
728.4957661692245,110.65352557623198,8.944834080323047E10,0
729.6629386877031,109.52915139583197,8.944834080323047E10,0
730.8516486703546,108.60740208705377,8.944834080323047E10,0
730.4104081265198,109.10777421297878,8.944834080323047E10,0
728.893723602625,110.80123017588473,8.944834080323047E10,0
728.0755285277742,111.39950580711367,8.944834080323047E10,0
727.0965613430957,112.22914104370871,8.944834080323047E10,0
726.8257185266062,112.29878710051592,8.944834080323047E10,0
726.6451738812412,111.92495901326144,8.944834080323047E10,0
726.5345710086254,111.66617002527073,8.944834080323047E10,0
726.0543577180456,111.45490035507179,8.944834080323047E10,0
725.4883540847503,112.31437703206235,8.944834080323047E10,0
725.5053501287948,112.19730795554584,8.944834080323047E10,0
725.9692330423784,111.78889493367375,8.944834080323047E10,0
726.9237019529993,111.00157236630402,8.944834080323047E10,0
727.8545972175694,109.0997054767268,8.944834080323047E10,0
728.537415902233,108.33773396326156,8.944834080323047E10,0
729.0702709712167,107.61804213269721,8.944834080323047E10,0
729.4685031470647,107.50193862240243,8.944834080323047E10,0
729.2596466179325,107.83763448000238,8.944834080323047E10,0
729.6047496547633,107.72756454336239,8.944834080323047E10,0
730.6263869114058,107.56667993454978,8.944834080323047E10,0
730.3208099006397,108.3470861181787,8.944834080323047E10,0
729.8667016018268,109.60988339500685,8.944834080323047E10,0
729.4063232448134,110.44236074474742,8.944834080323047E10,0
728.9898754776169,110.58659217685668,8.944834080323047E10,0
728.6021558766963,110.10570359601101,8.944834080323047E10,0
728.2823710746811,109.5246799219895,8.944834080323047E10,0
728.0294532295538,109.15930804854057,8.944834080323047E10,0
727.6429931434641,110.25126858291,8.944834080323047E10,0
728.8518153648414,110.02715627457758,8.944834080323047E10,0
729.0554633148907,110.25986932838009,8.944834080323047E10,0
729.0871191539377,110.21099846952343,8.944834080323047E10,0
729.270107739776,109.1762502314197,8.944834080323047E10,0
729.1551276108469,107.87221254805074,8.944834080323047E10,0
729.1530936849658,106.83091011434847,8.944834080323047E10,0
728.6969081225502,106.73190597679194,8.944834080323047E10,0
728.0471560221064,107.47064737788408,8.944834080323047E10,0
727.0572685052815,109.0109721062893,8.944834080323047E10,0
726.6820314579599,110.25526814103365,8.944834080323047E10,0
725.6912870141658,111.52976842396433,8.944834080323047E10,0
724.9452683777071,112.85465583337024,8.944834080323047E10,0
723.8814111642379,113.65399931226384,8.944834080323047E10,0
722.5599406334743,114.54918059415556,8.944834080323047E10,0
722.0134867475508,114.84698916727129,8.944834080323047E10,0
