11.058251534436822,7.225158375113707,32.7874742355488,0
13.365375119951652,3.409073509875837,32.7874742355488,0
13.83254854750763,3.2381719465142513,32.7874742355488,0
13.961377789138377,2.921936500847137,32.7874742355488,0
13.988483475298874,2.558321289299948,-45.509466120123946,0
13.974505233736682,2.2323831826915552,-56.53763531680674,0
14.06272149185181,2.03302165214355,-67.91408997298672,0
14.095925236408478,1.891959076832336,-67.91408997298672,0
13.791224302066798,1.7756351989822303,-67.91408997298672,0
13.309547145861524,1.6954871408217442,-67.91408997298672,0
12.753395453945233,1.6602099434220767,-67.91408997298672,0
12.209615658868813,1.6952914689196692,-67.91408997298672,0
11.72831435666109,1.7466177161625518,-67.91408997298672,0
11.340098408550784,1.8137123276006062,-67.91408997298672,0
11.063882087379627,1.89035172560731,-67.91408997298672,0
10.87701978710589,1.9599657807914126,-67.91408997298672,0
10.777979484216553,2.009848920882279,-67.91408997298672,0
10.748779336406622,2.0474764812391624,-67.91408997298672,0
10.76695917229947,2.0605087382214546,-67.91408997298672,0
10.814882619406855,2.045551935688897,-67.91408997298672,0
10.868428542314968,2.028603488258206,-67.91408997298672,0
10.931514537150965,2.005214749140156,-67.91408997298672,0
10.991511491491147,1.988185956507052,-67.91408997298672,0
11.045582140166356,1.976081265448908,-67.91408997298672,0
11.098646234637002,1.9785914421727437,-67.91408997298672,0
11.138751238179356,1.9662762089713084,-67.91408997298672,0
11.17187704741943,1.9598845464326793,-67.91408997298672,0
11.1843808682825,1.954790251538308,-67.91408997298672,0
11.191487438305698,1.948897487319646,-67.91408997298672,0
11.195115389918987,1.9473044353931324,-67.91408997298672,0
11.202861252851408,1.9498390870081794,-67.91408997298672,0
11.19156623944219,1.963724221544908,-67.91408997298672,0
11.174831653015445,1.9742505651460802,-67.91408997298672,0
11.156532791176337,1.9738331892310808,-67.91408997298672,0
11.140101139947276,1.9815904260818915,-67.91408997298672,0
11.130459752656863,1.9717170603020837,-67.91408997298672,0
11.137325483079863,1.9882665650327307,-67.91408997298672,0
11.142273101190073,2.0007820639382285,-67.91408997298672,0
11.144166990874247,2.0133630147037316,-67.91408997298672,0
11.150229890271598,2.026349830061159,-67.91408997298672,0
11.155986570667622,2.0550001142273913,-67.91408997298672,0
11.169189656461542,2.081018233866499,-67.91408997298672,0
11.171028172230955,2.0812942490934763,-67.91408997298672,0
11.16929269377894,2.0822239442787476,-67.91408997298672,0
11.159182065197259,2.0754071485201844,-67.91408997298672,0
11.149369064317238,2.056583042444309,-67.91408997298672,0
11.149631566270964,2.04931412898672,-67.91408997298672,0
11.146892939317421,2.031340968384828,-67.91408997298672,0
11.147455684370952,2.0110005498101162,-67.91408997298672,0
11.148945460439567,1.9901096635686661,-67.91408997298672,0
11.150752720164702,1.9769888187746103,-67.91408997298672,0
11.14778154551551,1.9638229907229885,-67.91408997298672,0
11.142757954252577,1.964474832988266,-67.91408997298672,0
11.137465556148031,1.957185175451439,-67.91408997298672,0
11.1288181090606,1.9408102369771993,-67.91408997298672,0
11.121825690360547,1.9236662789481125,-67.91408997298672,0
11.123106882703604,1.9305201927156803,-67.91408997298672,0
11.123773096752815,1.9222993991606203,-67.91408997298672,0
11.115510233076279,1.9262072247615214,-67.91408997298672,0
11.11641707664784,1.9385449856921702,-67.91408997298672,0
11.116129817739559,1.943984548192281,-67.91408997298672,0
11.110948508061286,1.9494594620306684,-67.91408997298672,0
11.111928969909181,1.9541382463186543,-67.91408997298672,0
11.112399880079794,1.950330629346887,-67.91408997298672,0
11.109280148790377,1.952697377503911,-67.91408997298672,0
11.107270409080542,1.9534141562911458,-67.91408997298672,0
11.105557392331605,1.9617987363892142,-67.91408997298672,0
11.108855159258017,1.977129674728202,-67.91408997298672,0
11.112157090866758,1.9874798180656208,-67.91408997298672,0
11.11775395411596,1.995326917090129,-67.91408997298672,0
11.130415437023128,1.998232957718219,-67.91408997298672,0
11.134810165179891,1.9988157866373173,-67.91408997298672,0
11.13552165943143,2.0035378658106873,-67.91408997298672,0
11.144076441837989,2.010861672186167,-67.91408997298672,0
11.146614118703313,2.0283793871964604,-67.91408997298672,0
11.1501092334659,2.012225588672838,-67.91408997298672,0
11.144901403135464,1.9898937375653394,-67.91408997298672,0
11.136603262811152,1.973724721949869,-67.91408997298672,0
11.12890442013364,1.964206814340825,-67.91408997298672,0
11.124409613631824,1.96264724193451,-67.91408997298672,0
11.126432052530289,1.9670097824038346,-67.91408997298672,0
11.132629987391,1.9743430827953976,-67.91408997298672,0
11.144553618023457,1.9769463884206853,-67.91408997298672,0
11.151270143541208,1.968582935393043,-67.91408997298672,0
11.15336219719414,1.9670874297854006,-67.91408997298672,0
11.14494669753763,1.95277800739501,-67.91408997298672,0
11.133107735330691,1.9494246955663213,-67.91408997298672,0
11.11873885235401,1.9552776726024548,-67.91408997298672,0
11.111366108272044,1.961737454811943,-67.91408997298672,0
11.107972871295546,1.9615554720598225,-67.91408997298672,0
11.112513811093809,1.9635937571795787,-67.91408997298672,0
11.117376702465217,1.9791852208680922,-67.91408997298672,0
11.123763989486317,1.976463200043213,-67.91408997298672,0
11.133019665052878,1.9858114294018043,-67.91408997298672,0
11.13601728914952,1.9798360845555072,-67.91408997298672,0
11.13767966585791,1.970632162271215,-67.91408997298672,0
11.145544112671358,1.9727764880122831,-67.91408997298672,0
11.14733767582213,1.9717517008652508,-67.91408997298672,0
11.143735384660554,1.9677251709550314,-67.91408997298672,0
11.134400086564954,1.9568184185996813,-67.91408997298672,0
11.12797849183295,1.9575400077667715,-67.91408997298672,0
11.126029536817171,1.9644079281874651,-67.91408997298672,0
11.126269620834885,1.9774324997744146,-67.91408997298672,0
11.13183559032663,1.9792942584571005,-67.91408997298672,0
11.137295244220004,1.9850845709710505,-67.91408997298672,0
11.14552985515801,1.9870864592059208,-67.91408997298672,0
11.15370418339275,1.9868443974722059,-67.91408997298672,0
11.158334100558282,1.9907312339295744,-67.91408997298672,0
11.167978277424744,1.9849987123796509,-67.91408997298672,0
11.173103724956155,1.9978102187776343,-67.91408997298672,0
11.170638162556422,2.0051973674349948,-67.91408997298672,0
11.1704977071683,2.0002741829782655,-67.91408997298672,0
11.162913137770124,1.9873327893804804,-67.91408997298672,0
11.161542535783095,1.9864524980366796,-67.91408997298672,0
11.15691426478543,1.9719579450639062,-67.91408997298672,0
11.149132276311049,1.9559120929305809,-67.91408997298672,0
11.142661724001659,1.9439175750343873,-67.91408997298672,0
11.134534926433162,1.9409486726120389,-67.91408997298672,0
11.125267113131256,1.93667898366699,-67.91408997298672,0
11.117140955468498,1.92980772667119,-67.91408997298672,0
11.118058263113355,1.9371724784121636,-67.91408997298672,0
11.116027407241676,1.9501723972451426,-67.91408997298672,0
11.11761096235978,1.9555774435999014,-67.91408997298672,0
11.122016888385646,1.9668280723024227,-67.91408997298672,0
11.115248621302626,1.9710315127462785,-67.91408997298672,0
11.112637239751464,1.968093042885216,-67.91408997298672,0
11.104986616360883,1.9605930538363985,-67.91408997298672,0
11.101379399206095,1.9609069318430292,-67.91408997298672,0
11.097800171667199,1.9687446263211417,-67.91408997298672,0
11.092585883242664,1.979575753712839,-67.91408997298672,0
11.091189526895336,1.9715269615515882,-67.91408997298672,0
11.087019518926226,1.956494502889201,-67.91408997298672,0
11.088090337502242,1.9579906848631168,-67.91408997298672,0
11.097407689751767,1.9493921346928476,-67.91408997298672,0
11.09878096948336,1.951792518848121,-67.91408997298672,0
11.09805008850932,1.9635476749399112,-67.91408997298672,0
11.101766351762983,1.9782855069048288,-67.91408997298672,0
11.109573114158607,1.9825490033767974,-67.91408997298672,0
11.117068014239779,1.9923092395628843,-67.91408997298672,0
11.124438035962447,2.004348959464775,-67.91408997298672,0
11.12864124313596,2.0155354913676393,-67.91408997298672,0
11.132078322886303,2.0114137717821396,-67.91408997298672,0
11.139876352307573,2.0038513151349466,-67.91408997298672,0
11.14515346590788,1.9991786886841911,-67.91408997298672,0
11.144318682701819,1.9746848095209886,-67.91408997298672,0
11.150692649086583,1.9669352154833482,-67.91408997298672,0
11.1513216165617,1.9550869357396796,-67.91408997298672,0
11.148404589520977,1.9389166249860597,-67.91408997298672,0
11.14199588587358,1.9353460803217648,-67.91408997298672,0
11.130500413705763,1.9412633320593216,-67.91408997298672,0
11.123593817749942,1.943702570973298,-67.91408997298672,0
11.12658963899823,1.9512028479141845,-67.91408997298672,0
11.129717068517296,1.9575241907530372,-67.91408997298672,0
11.130708338699828,1.9703843445493434,-67.91408997298672,0
11.132641825308001,1.9750600138003973,-67.91408997298672,0
11.130174433018464,1.9805905728225526,-67.91408997298672,0
11.132997997390047,1.9846975542309364,-67.91408997298672,0
11.132998197587824,1.9905181363358309,-67.91408997298672,0
11.143158400156992,1.9929520842728212,-67.91408997298672,0
11.14142392852436,1.989501500604465,-67.91408997298672,0
11.135038870786644,1.9851768025161858,-67.91408997298672,0
11.125308226297154,1.9674189657429249,-67.91408997298672,0
11.122039756543696,1.9645098157379777,-67.91408997298672,0
11.121023110108395,1.972971999242451,-67.91408997298672,0
11.121366648030378,1.974496397365656,-67.91408997298672,0
11.119645968279984,1.9753631864582208,-67.91408997298672,0
11.116935884190028,1.9690305692944143,-67.91408997298672,0
11.114452642725094,1.975418891548761,-67.91408997298672,0
11.130094989245425,1.9849728566393858,-67.91408997298672,0
11.141797633967915,1.9877123397042062,-67.91408997298672,0
11.144473468796702,1.9840361668985658,-67.91408997298672,0
11.145625362117517,1.9982854530568863,-67.91408997298672,0
11.143808045113866,1.9971813677468515,-67.91408997298672,0
11.141568508251046,2.0011081635143064,-67.91408997298672,0
11.134157808568112,1.9969823832069566,-67.91408997298672,0
11.129127497674123,1.9871693776912902,-67.91408997298672,0
11.116622662849794,1.976348470516459,-67.91408997298672,0
11.108032220346644,1.9654634438633907,-67.91408997298672,0
11.100247489152492,1.9580109169284396,-67.91408997298672,0
11.090422287901589,1.9517302195822777,-67.91408997298672,0
11.085577272411992,1.9452495656866517,-67.91408997298672,0
11.086535436648106,1.9480730724699922,-67.91408997298672,0
11.091989091791929,1.9460728410276245,-67.91408997298672,0
11.085285019847642,1.9449342496014717,-67.91408997298672,0
11.085873469208458,1.9493912848415063,-67.91408997298672,0
11.089168416724858,1.9509258835525178,-67.91408997298672,0
11.084244926204532,1.9446012535428632,-67.91408997298672,0
11.086269160568207,1.942751232968826,-67.91408997298672,0
11.09574415352072,1.9351460023732983,-67.91408997298672,0
11.088707261103123,1.9378347539490082,-67.91408997298672,0
11.08655105202357,1.9453302375674624,-67.91408997298672,0
11.088669940649394,1.941731640284462,-67.91408997298672,0
11.088212360924697,1.9477556636191167,-67.91408997298672,0
11.087074059936395,1.9493345076799713,-67.91408997298672,0
11.090208006971098,1.9523382656393717,-67.91408997298672,0
11.09618784722646,1.9583952015362893,-67.91408997298672,0
11.09663833088674,1.9635699942806604,-67.91408997298672,0
11.098472827574675,1.968910395250263,-67.91408997298672,0
11.104211751154676,1.9635648640621768,-67.91408997298672,0
11.112468878860618,1.9577691897464797,-67.91408997298672,0
11.1111311178306,1.9531198412397468,-67.91408997298672,0
11.115402458980975,1.9576916493009904,-67.91408997298672,0
11.12398075134285,1.961972990222549,-67.91408997298672,0
11.13415851777868,1.9694348492575424,-67.91408997298672,0
11.13791032570715,1.968233922908979,-67.91408997298672,0
11.142192746772599,1.9683852259197507,-67.91408997298672,0
11.150162360392427,1.973255466048859,-67.91408997298672,0
11.154493757118829,1.9888655769626693,-67.91408997298672,0
11.14681164994773,1.9777863353331475,-67.91408997298672,0
11.139967105660217,1.9762932749670084,-67.91408997298672,0
11.134890784159767,1.9760008307623627,-67.91408997298672,0
11.134418352502935,1.9796891766781193,-67.91408997298672,0
11.134074637948718,1.9877057602553543,-67.91408997298672,0
11.139497008272544,1.9974354372241803,-67.91408997298672,0
11.141740287605703,2.0064450706983687,-67.91408997298672,0
11.145063524797587,1.998883103369212,-67.91408997298672,0
11.147237950843392,1.9893923934011766,-67.91408997298672,0
11.149110883753286,1.9886336677250303,-67.91408997298672,0
11.144727993325926,1.9865102892708775,-67.91408997298672,0
11.133256307495529,1.978909689661467,-67.91408997298672,0
11.126174908076827,1.9777153352327106,-67.91408997298672,0
11.123013669514219,1.9699180645651473,-67.91408997298672,0
11.127180264341595,1.9726968849085897,-67.91408997298672,0
11.124174383465299,1.9770561738146644,-67.91408997298672,0
11.119753545914518,1.976458943279388,-67.91408997298672,0
11.115716208664535,1.9743607116314947,-67.91408997298672,0
11.109905865239746,1.960138837226375,-67.91408997298672,0
11.113639784103226,1.9504790902142943,-67.91408997298672,0
11.123610411637864,1.9480914786872587,-67.91408997298672,0
11.12877364041454,1.945535571964039,-67.91408997298672,0
11.127958253757631,1.9416215203087224,-67.91408997298672,0
11.11737495695171,1.9276435603864552,-67.91408997298672,0
11.108675257667636,1.918761965939289,-67.91408997298672,0
11.10316106402688,1.9135764725000395,-67.91408997298672,0
11.099154277686285,1.9179105400300753,-67.91408997298672,0
11.099728625151458,1.9289898794351206,-67.91408997298672,0
11.100505567736068,1.9416172761606973,-67.91408997298672,0
11.10811778307305,1.9560303940368633,-67.91408997298672,0
11.117067067210716,1.9635018963827007,-67.91408997298672,0
11.128570716082828,1.9639702507586392,-67.91408997298672,0
11.132512720024014,1.9601176935544544,-67.91408997298672,0
11.137767138972336,1.9595796670673453,-67.91408997298672,0
11.14624255377438,1.9608217788014473,-67.91408997298672,0
11.1563772804939,1.95342035645264,-67.91408997298672,0
11.15692606604706,1.9524396179824903,-67.91408997298672,0
11.15856083231068,1.9548720890420748,-67.91408997298672,0
11.152233569427208,1.9632050323676997,-67.91408997298672,0
11.14600024706255,1.961800483076277,-67.91408997298672,0
11.140472837833446,1.973199852252929,-67.91408997298672,0
11.133075826917304,1.9818232620511436,-67.91408997298672,0
11.133168426421195,1.9941615423542873,-67.91408997298672,0
11.135387999870979,2.0041348884322727,-67.91408997298672,0
11.134305504201539,2.0109876409381524,-67.91408997298672,0
11.13017770092126,2.0212680216500707,-67.91408997298672,0
11.12296599860275,2.017610644234853,-67.91408997298672,0
11.11818753216811,2.013427015196913,-67.91408997298672,0
11.118342630576123,1.9994401677869507,-67.91408997298672,0
11.125747128455238,1.9831616140782042,-67.91408997298672,0
11.135743346408653,1.9787330918868344,-67.91408997298672,0
11.14299770160548,1.989558694770268,-67.91408997298672,0
11.148293144248983,2.001951273371318,-67.91408997298672,0
11.152640863831554,2.00978156369307,-67.91408997298672,0
11.143824545771434,2.014808201761341,-67.91408997298672,0
11.138914155285784,2.0181394484127044,-67.91408997298672,0
11.130787560711424,2.0144678337516164,-67.91408997298672,0
11.126531583060755,1.9988026929850846,-67.91408997298672,0
11.131717837012232,2.005396385881411,-67.91408997298672,0
11.137499489229642,2.0032095425712244,-67.91408997298672,0
11.144931142583115,1.9969196646137182,-67.91408997298672,0
11.145031518034285,1.9899853644397754,-67.91408997298672,0
11.149756561591234,1.9752131909640018,-67.91408997298672,0
11.1539278040074,1.9627827748141602,-67.91408997298672,0
11.150693665645353,1.939955248393662,-67.91408997298672,0
11.14796301318829,1.9376843262845962,-67.91408997298672,0
11.145027623258603,1.9408460410789803,-67.91408997298672,0
11.141998114215198,1.9505379401956022,-67.91408997298672,0
11.142356089167212,1.9677132944766067,-67.91408997298672,0
11.14108699918264,1.9649633015420318,-67.91408997298672,0
11.139190260214137,1.9641873105302943,-67.91408997298672,0
11.137225807468106,1.9551622438935232,-67.91408997298672,0
11.13189528268436,1.9486200703832453,-67.91408997298672,0
11.127610664043987,1.9468060799031877,-67.91408997298672,0
11.134121367207845,1.9534386350038684,-67.91408997298672,0
11.140425295311658,1.9752032221879894,-67.91408997298672,0
11.144974156578163,1.9853818943398336,-67.91408997298672,0
11.134507578641003,1.9903129673201359,-67.91408997298672,0
11.124239256353862,1.997687988717692,-67.91408997298672,0
11.117011963423861,1.9941552820633266,-67.91408997298672,0
11.113139896316449,1.990332985227318,-67.91408997298672,0
11.112928655601362,1.9895793981936012,-67.91408997298672,0
11.121523094774371,1.9843006464894022,-67.91408997298672,0
11.131136357126064,1.9825625137594123,-67.91408997298672,0
11.13757065062166,1.9772738487249533,-67.91408997298672,0
11.143784611750839,1.9669488245588125,-67.91408997298672,0
11.151388009218378,1.9759073955618696,-67.91408997298672,0
11.155244063449318,1.973759139582733,-67.91408997298672,0
11.150941039916198,1.9770376500570634,-67.91408997298672,0
11.135570977143484,1.971706205681224,-67.91408997298672,0
11.124223972538504,1.960563145813608,-67.91408997298672,0
11.121376146090245,1.9531308588617173,-67.91408997298672,0
11.121533272487996,1.9574815034972346,-67.91408997298672,0
11.121122445616127,1.951422330864281,-67.91408997298672,0
11.12597505259134,1.9453126116102426,-67.91408997298672,0
11.131137701219387,1.9533344605616338,-67.91408997298672,0
11.142060616525393,1.9613231328604996,-67.91408997298672,0
11.142002470599095,1.958263484058276,-67.91408997298672,0
11.136204322535548,1.959029720955538,-67.91408997298672,0
11.135055522063434,1.9696678883268612,-67.91408997298672,0
11.124168176399943,1.9816394229980774,-67.91408997298672,0
11.122309521345231,1.9820629907039065,-67.91408997298672,0
11.124596652308595,1.987204375615802,-67.91408997298672,0
11.128598942123146,1.9900012904870592,-67.91408997298672,0
11.137606092076997,1.9934808941511264,-67.91408997298672,0
11.141429689621546,1.9934418644103298,-67.91408997298672,0
11.143065892079344,1.9861374783811707,-67.91408997298672,0
11.14534665108636,1.982052282306199,-67.91408997298672,0
11.15588093855759,1.969409986363707,-67.91408997298672,0
11.158889627619612,1.9457172206957476,-67.91408997298672,0
11.158260399237529,1.9403621576873638,-67.91408997298672,0
11.146174306567788,1.929234358911826,-67.91408997298672,0
11.125249448828997,1.91106609712776,-67.91408997298672,0
11.106712582861622,1.9042204964398188,-67.91408997298672,0
11.091688738869387,1.9021310666325137,-67.91408997298672,0
11.090398439851022,1.9205266305034248,-67.91408997298672,0
11.09835363844561,1.92383511411292,-67.91408997298672,0
11.09932976341106,1.9426539451534084,-67.91408997298672,0
11.095833838204442,1.9462332750556588,-67.91408997298672,0
11.091842518713852,1.9529826012890823,-67.91408997298672,0
11.091766201413273,1.9572406211091748,-67.91408997298672,0
11.091574790815379,1.9620947478179374,-67.91408997298672,0
11.100177818882408,1.9636541149792668,-67.91408997298672,0
11.106270803888991,1.959199151738057,-67.91408997298672,0
11.100526783601525,1.9608662832208514,-67.91408997298672,0
11.103477380572192,1.9643411423321488,-67.91408997298672,0
11.107564241303784,1.9602893687508678,-67.91408997298672,0
11.110936745682286,1.9526078255172508,-67.91408997298672,0
11.113296829289316,1.9468600723882283,-67.91408997298672,0
11.115182290736444,1.9504274627116251,-67.91408997298672,0
11.117238639096335,1.959243547193578,-67.91408997298672,0
11.116100333898169,1.9545582583631826,-67.91408997298672,0
11.122082815156745,1.9597364720993349,-67.91408997298672,0
11.135055294349343,1.9674641337104677,-67.91408997298672,0
11.139789521104712,1.9837000714384605,-67.91408997298672,0
11.139698865258378,1.9917953873211047,-67.91408997298672,0
11.133643651903265,1.9897083978422603,-67.91408997298672,0
11.123574318137319,1.9765064294648296,-67.91408997298672,0
11.12750843551738,1.9687643761152789,-67.91408997298672,0
11.126170569608112,1.9666015594500765,-67.91408997298672,0
11.124115338557113,1.952514886028237,-67.91408997298672,0
11.116813824683678,1.9407767838854828,-67.91408997298672,0
11.110523890460653,1.9349013221351579,-67.91408997298672,0
11.10263281480453,1.9186256815872345,-67.91408997298672,0
11.101529499008228,1.9167296766707216,-67.91408997298672,0
11.098593900549025,1.9181430763804637,-67.91408997298672,0
11.110555522782988,1.9390895003581339,-67.91408997298672,0
11.120957320283548,1.9630909167369588,-67.91408997298672,0
11.120468954084414,1.9712912998722996,-67.91408997298672,0
11.116692029445698,1.9791291126896144,-67.91408997298672,0
11.10731823247057,1.9839883678434231,-67.91408997298672,0
11.104212887009101,1.9813752175558217,-67.91408997298672,0
11.10405365313519,1.9709906718392964,-67.91408997298672,0
11.103391024124921,1.9689538675561478,-67.91408997298672,0
11.109819727156673,1.9699460617929954,-67.91408997298672,0
11.115017349434732,1.9747231057245835,-67.91408997298672,0
11.118184535895848,1.9758327741718014,-67.91408997298672,0
11.12033908610775,1.9669289048233698,-67.91408997298672,0
11.11600610687297,1.9652260686866643,-67.91408997298672,0
11.119756780475871,1.9532445777015692,-67.91408997298672,0
11.123399489082676,1.9497990383947275,-67.91408997298672,0
11.133257056844252,1.9413670577585134,-67.91408997298672,0
11.13116363224698,1.9358410184383061,-67.91408997298672,0
11.138811362925884,1.9307346361003603,-67.91408997298672,0
11.143255009967133,1.9341890384213907,-67.91408997298672,0
11.14301804215894,1.9345318038572035,-67.91408997298672,0
11.145117714991077,1.9425431081856357,-67.91408997298672,0
11.133908968658625,1.9470304829656213,-67.91408997298672,0
11.129382722562339,1.9552177895324132,-67.91408997298672,0
11.122523650266466,1.9595984790543097,-67.91408997298672,0
11.120283385131183,1.9677170613698503,-67.91408997298672,0
11.121090908604732,1.9852352072693504,-67.91408997298672,0
11.117158220734241,1.982068533617973,-67.91408997298672,0
11.11945342748639,1.9747087867627762,-67.91408997298672,0
11.122783580420482,1.9700809625066122,-67.91408997298672,0
11.11964250316158,1.9645603784212038,-67.91408997298672,0
11.120172013165995,1.9550841012773137,-67.91408997298672,0
11.120680938964195,1.946831663792613,-67.91408997298672,0
11.127003302907488,1.9532939937757194,-67.91408997298672,0
11.137724365482159,1.9726843795519196,-67.91408997298672,0
11.144551807513453,1.9954562140748713,-67.91408997298672,0
11.149983961055549,2.016003716506525,-67.91408997298672,0
11.153634108229559,2.015444653312504,-67.91408997298672,0
11.152605582601348,2.000886081804159,-67.91408997298672,0
11.149832376010222,1.9923286116971548,-67.91408997298672,0
11.139217972733894,1.9821634169250677,-67.91408997298672,0
11.129062804320224,1.9787979493227394,-67.91408997298672,0
11.125394788106107,1.9708428496843657,-67.91408997298672,0
11.120320888525528,1.957263767732539,-67.91408997298672,0
11.115962953413089,1.9394256393535314,-67.91408997298672,0
11.11217992572862,1.9277846005577841,-67.91408997298672,0
11.118541779607304,1.9277744325287511,-67.91408997298672,0
11.132498361074788,1.939260910701552,-67.91408997298672,0
11.146906127983897,1.9545765771953572,-67.91408997298672,0
11.162639064690646,1.9724653776372343,-67.91408997298672,0
11.168253126791964,1.9728462704931886,-67.91408997298672,0
11.166086335990926,1.9674600961437119,-67.91408997298672,0
11.159811437517247,1.9673701745981311,-67.91408997298672,0
11.150783977407803,1.9590328806463742,-67.91408997298672,0
11.134122510996201,1.9501693988381998,-67.91408997298672,0
11.119462201763705,1.959621353730058,-67.91408997298672,0
11.112926176273538,1.9577428504714618,-67.91408997298672,0
11.105919677911814,1.9590621419009653,-67.91408997298672,0
11.105631934840936,1.9601132008540942,-67.91408997298672,0
11.102618939801989,1.9541279902385504,-67.91408997298672,0
11.102930607947691,1.9643320002634237,-67.91408997298672,0
11.108862558999501,1.9643535390408426,-67.91408997298672,0
11.116986371311357,1.9541152157102157,-67.91408997298672,0
11.1169926209651,1.9511651895159208,-67.91408997298672,0
11.118829575991148,1.9627545724673583,-67.91408997298672,0
11.120880544396206,1.9726377519277851,-67.91408997298672,0
11.125044723020274,1.9794757830852565,-67.91408997298672,0
11.12514370375293,1.9844209056232056,-67.91408997298672,0
11.128832287427342,1.9892435103382509,-67.91408997298672,0
11.13440864153915,1.9933124106397373,-67.91408997298672,0
11.134143825820502,1.9935118048325815,-67.91408997298672,0
11.128561840819147,1.9886574898273237,-67.91408997298672,0
11.121470655902538,1.9849830198937513,-67.91408997298672,0
11.114455510154368,1.9768985519825533,-67.91408997298672,0
11.111110102749226,1.978070222451102,-67.91408997298672,0
11.111593703189229,1.9888308272661437,-67.91408997298672,0
11.112227635991134,1.9823285393523369,-67.91408997298672,0
11.112658645443686,1.990935004667875,-67.91408997298672,0
11.114231426949571,1.9816684293281055,-67.91408997298672,0
11.1243980852799,1.9800530190759014,-67.91408997298672,0
11.132085905536178,1.9752175791938185,-67.91408997298672,0
11.135802254109054,1.9682809489124182,-67.91408997298672,0
11.132846651491345,1.9766635937067352,-67.91408997298672,0
11.131120247929998,1.9920682605356952,-67.91408997298672,0
11.128013368807968,2.0065877307352977,-67.91408997298672,0
11.133325842561963,2.0131854546980477,-67.91408997298672,0
11.13951198603393,2.006470893778666,-67.91408997298672,0
11.143972149813468,2.0080064525975057,-67.91408997298672,0
11.145704816650907,2.006385585986918,-67.91408997298672,0
11.148796498411025,2.007397683613566,-67.91408997298672,0
11.14284409326919,2.0143504563507446,-67.91408997298672,0
11.136804560636351,2.0106332014492154,-67.91408997298672,0
11.129104298572516,2.009561640083631,-67.91408997298672,0
11.123243220991922,2.0184082380084014,-67.91408997298672,0
11.123548610527065,2.0175852594714083,-67.91408997298672,0
11.120749621470344,2.0145099999440284,-67.91408997298672,0
11.120805581420216,2.015487998851149,-67.91408997298672,0
11.125055558806345,2.022445919313084,-67.91408997298672,0
11.124616768840548,2.018976146825726,-67.91408997298672,0
11.123078255101,2.006475584770679,-67.91408997298672,0
11.113821744103557,2.000973544531505,-67.91408997298672,0
11.114617635759338,1.9888068004977801,-67.91408997298672,0
11.114195442352177,1.9817833650316923,-67.91408997298672,0
11.111892408490567,1.9875638300316176,-67.91408997298672,0
11.110875272711485,1.9864459912255212,-67.91408997298672,0
11.100810126400317,1.9855375324576916,-67.91408997298672,0
11.091391278149485,1.9914054051824328,-67.91408997298672,0
11.077348717900456,1.9989766376276215,-67.91408997298672,0
11.070872434395232,1.9943553069459126,-67.91408997298672,0
11.08127249456656,1.9946651526678818,-67.91408997298672,0
11.097516451359375,1.9976204921898482,-67.91408997298672,0
11.121669904554512,1.9958728579681035,-67.91408997298672,0
11.138203423258727,1.9905060441918134,-67.91408997298672,0
11.143771382038144,1.9812909959016078,-67.91408997298672,0
11.147071105237602,1.971882502041956,-67.91408997298672,0
11.145208492422805,1.9534065768744606,-67.91408997298672,0
11.142652315333683,1.941386525476294,-67.91408997298672,0
11.14358298859667,1.9311202201257192,-67.91408997298672,0
11.137812444922098,1.9197001395715512,-67.91408997298672,0
11.132794376509125,1.9137296038087603,-67.91408997298672,0
11.13532086150111,1.9238355634840543,-67.91408997298672,0
11.135559205688859,1.947893709748688,-67.91408997298672,0
11.134113288864235,1.9728719902733556,-67.91408997298672,0
11.13099142909177,1.9765008908834922,-67.91408997298672,0
11.13393948812081,1.9922036126694413,-67.91408997298672,0
11.136073757927786,2.0052179598455706,-67.91408997298672,0
11.132416637399407,2.007524482280493,-67.91408997298672,0
11.124591440626146,1.990154318321637,-67.91408997298672,0
11.126923061297147,1.9875818467037973,-67.91408997298672,0
11.139115099488311,1.9926767991854812,-67.91408997298672,0
11.142951729516009,2.00203554790402,-67.91408997298672,0
11.137063880237905,1.9841635316411872,-67.91408997298672,0
11.128408939962046,1.9644041761781101,-67.91408997298672,0
11.12012102097286,1.9607731397030819,-67.91408997298672,0
11.123905954082288,1.9515746197038486,-67.91408997298672,0
11.137260157859108,1.9542489889439125,-67.91408997298672,0
11.145997620371464,1.95467197702055,-67.91408997298672,0
11.141535305404814,1.9465489742019744,-67.91408997298672,0
11.143325196718834,1.9484159926148688,-67.91408997298672,0
11.145212351645787,1.9464100159743116,-67.91408997298672,0
11.142930413663102,1.9406409619718423,-67.91408997298672,0
11.137103050848491,1.9490325154947603,-67.91408997298672,0
11.117450926547818,1.9495900740363874,-67.91408997298672,0
11.108132503159064,1.9476954189839193,-67.91408997298672,0
11.105685351785144,1.9638760259147596,-67.91408997298672,0
11.11417785984152,1.9662735484343827,-67.91408997298672,0
11.113690705163084,1.9750840137958527,-67.91408997298672,0
11.116249198598997,1.9900902587747529,-67.91408997298672,0
11.115513884185777,2.0028915087394794,-67.91408997298672,0
11.110495500080487,2.007209368358411,-67.91408997298672,0
11.106201525461664,2.006490119666019,-67.91408997298672,0
11.10692147960654,1.9912564466110174,-67.91408997298672,0
11.106501510142929,1.987171252547897,-67.91408997298672,0
11.108753082924817,1.9873667940655315,-67.91408997298672,0
11.110542849069828,1.9897049401440157,-67.91408997298672,0
11.117982254099088,1.985308906086248,-67.91408997298672,0
11.1180647071618,1.974072637351881,-67.91408997298672,0
11.123086141933305,1.9802187043406694,-67.91408997298672,0
11.12200079191387,1.9810728431281006,-67.91408997298672,0
11.116110885693123,1.988512237840027,-67.91408997298672,0
11.11393399665798,1.9896827236753734,-67.91408997298672,0
11.110339787865913,1.9853786058626706,-67.91408997298672,0
11.098574955732458,1.9754090281056296,-67.91408997298672,0
11.099830289054054,1.9809814016685028,-67.91408997298672,0
11.10925048145649,1.9790050194065978,-67.91408997298672,0
11.118478371248369,1.9845560380168554,-67.91408997298672,0
11.128335661135038,1.9921424132662084,-67.91408997298672,0
11.140650535924935,1.9956928537060985,-67.91408997298672,0
11.144967325245629,1.980226173690137,-67.91408997298672,0
11.151357160806969,1.977329530283185,-67.91408997298672,0
11.153489860179107,1.9767290196230143,-67.91408997298672,0
11.153046418395975,1.9785559682272467,-67.91408997298672,0
11.153929756915458,1.9828142359147054,-67.91408997298672,0
11.145582455003034,1.9719816640675931,-67.91408997298672,0
11.139360392825552,1.9698491203805621,-67.91408997298672,0
11.128825929185181,1.9571785876903416,-67.91408997298672,0
11.117982210685526,1.9554810117776213,-67.91408997298672,0
11.112487819392237,1.9573841568274388,-67.91408997298672,0
11.107234949926385,1.9688907172121894,-67.91408997298672,0
11.107944951820553,1.9835593621695684,-67.91408997298672,0
11.114886021858597,2.0054121541505636,-67.91408997298672,0
11.118069185556033,2.0160330304158296,-67.91408997298672,0
11.116201382000774,2.009243012735652,-67.91408997298672,0
11.124206099218462,2.023423381889983,-67.91408997298672,0
11.131958353533584,2.036991929345292,-67.91408997298672,0
11.131656022688231,2.0371289519141897,-67.91408997298672,0
11.117474965267592,2.032299097471413,-67.91408997298672,0
11.109611587724922,2.0168214089993692,-67.91408997298672,0
11.106573603119942,1.998876529195034,-67.91408997298672,0
11.115246468153256,1.9863618231164506,-67.91408997298672,0
11.119282135391389,1.970070523925646,-67.91408997298672,0
11.123756820729442,1.9543140470328566,-67.91408997298672,0
11.123642681934811,1.9494677555787432,-67.91408997298672,0
11.123474006940498,1.9459226511821288,-67.91408997298672,0
11.127318636527514,1.9347767833325333,-67.91408997298672,0
11.127721539211445,1.9315307927791492,-67.91408997298672,0
11.123412534985855,1.9286658449368725,-67.91408997298672,0
11.118071360368019,1.9390434046662812,-67.91408997298672,0
11.118986622607585,1.9411430488036503,-67.91408997298672,0
11.121324870161997,1.9501887946872205,-67.91408997298672,0
11.135048497856067,1.9619444239313057,-67.91408997298672,0
11.144546331570858,1.9595089157465473,-67.91408997298672,0
11.1466866491573,1.9472271045429066,-67.91408997298672,0
11.148587847599112,1.9312072220825536,-67.91408997298672,0
11.151602323921695,1.9319198922905458,-67.91408997298672,0
11.154758049745034,1.940598476265802,-67.91408997298672,0
11.160910563631663,1.9536013601351288,-67.91408997298672,0
11.163456889096084,1.9702115959643358,-67.91408997298672,0
11.160603387165649,1.9748541853227288,-67.91408997298672,0
11.150869158040967,1.9762063499319862,-67.91408997298672,0
11.146618419643719,1.9889371906415731,-67.91408997298672,0
11.139676083792468,1.9918227180622512,-67.91408997298672,0
11.135563038204822,1.9953506175989275,-67.91408997298672,0
11.133447626628495,1.9951623604983826,-67.91408997298672,0
11.130359322703388,2.003211905293852,-67.91408997298672,0
11.128556951023203,1.9968392640175654,-67.91408997298672,0
11.12396835268034,2.008487914612467,-67.91408997298672,0
11.112602241180284,2.005112310006679,-67.91408997298672,0
11.10837264079399,1.9918517551640569,-67.91408997298672,0
11.1004282195225,1.977892662461063,-67.91408997298672,0
11.09122459643088,1.9670491573407518,-67.91408997298672,0
11.08410215105277,1.961016249316703,-67.91408997298672,0
11.079620119893445,1.9530243566555416,-67.91408997298672,0
11.086844789435217,1.944843481694008,-67.91408997298672,0
11.083501319653193,1.937339519602889,-67.91408997298672,0
11.081803657192486,1.923283013267436,-67.91408997298672,0
11.088844895245703,1.914687853677474,-67.91408997298672,0
11.097729594359084,1.9162552254130958,-67.91408997298672,0
11.107273570303198,1.9249664349040536,-67.91408997298672,0
11.113260868801397,1.9267810119350872,-67.91408997298672,0
11.12246682758284,1.9339540165524218,-67.91408997298672,0
11.132569044382427,1.932730121979785,-67.91408997298672,0
11.132976468378201,1.934680791936519,-67.91408997298672,0
11.130299974922925,1.9329391842814543,-67.91408997298672,0
11.131280121003677,1.9471144797905684,-67.91408997298672,0
11.140177624892338,1.9484515086414638,-67.91408997298672,0
11.146944141089026,1.9634292104187878,-67.91408997298672,0
11.148721181491196,1.968821869334221,-67.91408997298672,0
11.148518166772757,1.9713864369808909,-67.91408997298672,0
11.14213964956729,1.9742879537516629,-67.91408997298672,0
11.133973021584469,1.9827627206344711,-67.91408997298672,0
11.129012963224213,1.9906044694217084,-67.91408997298672,0
11.121989207852248,1.990123370955396,-67.91408997298672,0
11.121372334191923,1.9971037248806474,-67.91408997298672,0
11.125967915660475,1.9986695424483893,-67.91408997298672,0
11.133417783391282,2.0083215832428785,-67.91408997298672,0
11.142820245818799,2.010581090406886,-67.91408997298672,0
11.155618881574432,2.0072426976596813,-67.91408997298672,0
11.165766590464544,1.9947203356286254,-67.91408997298672,0
11.15623336305204,1.971238851011289,-67.91408997298672,0
11.138692982669408,1.9513731993396344,-67.91408997298672,0
11.120712444755549,1.932372120060456,-67.91408997298672,0
11.10123924899375,1.9160507760885155,-67.91408997298672,0
11.082603138358312,1.9032184517129234,-67.91408997298672,0
11.07399923029142,1.9062957987514877,-67.91408997298672,0
11.063589585511146,1.906876523528346,-67.91408997298672,0
11.06407317374732,1.9129379677243747,-67.91408997298672,0
11.073183965401524,1.9284752029932348,-67.91408997298672,0
11.090895253698248,1.9518191006235472,-67.91408997298672,0
11.106717758281603,1.9690101628080674,-67.91408997298672,0
11.117913090859819,1.9778921236194,-67.91408997298672,0
11.123374499522537,1.9857516066943461,-67.91408997298672,0
11.124778181422526,1.986753484100796,-67.91408997298672,0
11.125369190430678,2.0019879357336463,-67.91408997298672,0
11.124004314194202,2.001307096994968,-67.91408997298672,0
11.118918684231085,1.9979853065471853,-67.91408997298672,0
11.126176585680394,1.9999909575293089,-67.91408997298672,0
11.138057340783313,1.9987049015759923,-67.91408997298672,0
11.139428486576461,1.9989115635816055,-67.91408997298672,0
11.139313789659477,1.9871902083710915,-67.91408997298672,0
11.133395697211721,1.971645021799718,-67.91408997298672,0
11.119752682820511,1.9599763726466883,-67.91408997298672,0
11.112940654775477,1.9587837548633618,-67.91408997298672,0
11.103453251933104,1.9592008276671773,-67.91408997298672,0
11.102573104898239,1.9589194980625346,-67.91408997298672,0
11.10690330178159,1.9551651618359611,-67.91408997298672,0
11.120815413661816,1.9558885069822824,-67.91408997298672,0
11.129635946992163,1.958753292702649,-67.91408997298672,0
11.133509538597899,1.9582408076483968,-67.91408997298672,0
11.138605733955519,1.9593737510820342,-67.91408997298672,0
11.132398911702353,1.946870644145658,-67.91408997298672,0
11.129046978876152,1.9363352596886187,-67.91408997298672,0
11.135115743548639,1.944661571344963,-67.91408997298672,0
11.134787481660487,1.9524996565014885,-67.91408997298672,0
11.138460589155098,1.960580400198042,-67.91408997298672,0
11.13663686375317,1.9670897861595946,-67.91408997298672,0
11.13507398884341,1.9711310613723243,-67.91408997298672,0
11.13522488246815,1.9728200792164539,-67.91408997298672,0
11.137169674498463,1.983114381609193,-67.91408997298672,0
11.139024297634958,1.9926411122704906,-67.91408997298672,0
11.132491827137061,2.0014401510359,-67.91408997298672,0
11.129902977894547,2.0061168801726925,-67.91408997298672,0
11.131172895297867,1.993402245707226,-67.91408997298672,0
11.13221548610798,1.9852341209097466,-67.91408997298672,0
11.119643862453282,1.973493144523691,-67.91408997298672,0
11.117838249800116,1.9657696577370267,-67.91408997298672,0
11.1177867176755,1.9673101983144825,-67.91408997298672,0
11.12055962982652,1.9777960682557372,-67.91408997298672,0
11.112788294806455,1.9769346269404529,-67.91408997298672,0
11.10601683710848,1.963631655888097,-67.91408997298672,0
11.108075243210772,1.9481054429507083,-67.91408997298672,0
11.098867553348093,1.9377091102838724,-67.91408997298672,0
11.098987697471388,1.9237381591952365,-67.91408997298672,0
11.107468386916386,1.918838433361233,-67.91408997298672,0
11.111707097376701,1.9277572364006066,-67.91408997298672,0
11.122501763813485,1.9393598878196125,-67.91408997298672,0
11.129000538403243,1.9564626892635766,-67.91408997298672,0
11.125667958919921,1.971913863093022,-67.91408997298672,0
11.11976505595678,1.9865244965665767,-67.91408997298672,0
11.112120958384946,2.0016445474139144,-67.91408997298672,0
11.108042131079074,2.0083920621003557,-67.91408997298672,0
11.110609838760618,2.0107336391658714,-67.91408997298672,0
11.121734141175189,2.0018023859590435,-67.91408997298672,0
11.130617544766956,1.993505101740236,-67.91408997298672,0
11.137420810621633,2.0101794886974984,-67.91408997298672,0
11.135561873697187,2.0242631638899047,-67.91408997298672,0
11.13401045155296,2.027514897550258,-67.91408997298672,0
11.139163138147762,2.0249694618497274,-67.91408997298672,0
11.142619371549708,2.0152424804682116,-67.91408997298672,0
11.142506093992699,2.000133525320732,-67.91408997298672,0
11.144075119583146,1.9848135458879412,-67.91408997298672,0
11.145969704485697,1.9732292497612192,-67.91408997298672,0
11.142234824205797,1.9637350607022543,-67.91408997298672,0
11.14698692945251,1.9632141395067702,-67.91408997298672,0
11.145587587138241,1.950432374270264,-67.91408997298672,0
11.136807399356087,1.9420046518480054,-67.91408997298672,0
11.123944106942762,1.945247202813863,-67.91408997298672,0
11.113785728901645,1.9451270261553821,-67.91408997298672,0
11.111352399242802,1.9504462626792476,-67.91408997298672,0
11.104242807240839,1.9731345541371257,-67.91408997298672,0
11.104530903710426,1.9723154406232128,-67.91408997298672,0
11.103770189194936,1.9787833381827864,-67.91408997298672,0
11.108129878356612,1.993059644009352,-67.91408997298672,0
11.117790596140873,1.9960798821512384,-67.91408997298672,0
11.136639786865208,1.9859173257069884,-67.91408997298672,0
11.151987445912047,1.9959904954440628,-67.91408997298672,0
11.163791933749042,1.995149624522102,-67.91408997298672,0
11.16906183799687,1.9915886763028696,-67.91408997298672,0
11.172400003278806,1.9968329632735242,-67.91408997298672,0
11.168293262299356,1.9942744829125962,-67.91408997298672,0
11.165099869253439,1.9931295125001713,-67.91408997298672,0
11.152295350329672,1.9993175514901702,-67.91408997298672,0
11.134439663177597,1.9870109924839916,-67.91408997298672,0
11.121145198095716,1.9773636283296403,-67.91408997298672,0
11.11093421353409,1.9587222664399078,-67.91408997298672,0
11.1028383838455,1.949440659557703,-67.91408997298672,0
11.103357071016442,1.9548584062850998,-67.91408997298672,0
11.101732402068542,1.9592384018115994,-67.91408997298672,0
11.097479280073875,1.966650729668041,-67.91408997298672,0
11.085410088063327,1.985845698914957,-67.91408997298672,0
11.094479312478628,1.991262381426029,-67.91408997298672,0
11.100155162272172,1.99547036160176,-67.91408997298672,0
11.110283675051353,1.9874848690433509,-67.91408997298672,0
11.118141311613751,1.9736482050472859,-67.91408997298672,0
11.119052602961087,1.9691694491162337,-67.91408997298672,0
11.118248913880128,1.969467063482819,-67.91408997298672,0
11.117044435517379,1.9608742594655306,-67.91408997298672,0
11.11728461670812,1.9549216603461275,-67.91408997298672,0
11.119525825614252,1.9502099627533278,-67.91408997298672,0
11.12136855921212,1.944321659295365,-67.91408997298672,0
11.1214004700503,1.9504941660499144,-67.91408997298672,0
11.125159444666874,1.9526433178190592,-67.91408997298672,0
11.127852768864065,1.9558878219327154,-67.91408997298672,0
11.122928401928762,1.9474056664149735,-67.91408997298672,0
11.11799124070328,1.9396307352659452,-67.91408997298672,0
11.114813545206866,1.9472788633815714,-67.91408997298672,0
11.123126438333214,1.950879320141646,-67.91408997298672,0
11.136962530057426,1.9566736605435406,-67.91408997298672,0
11.144068051141833,1.9547549968609925,-67.91408997298672,0
11.153799483816682,1.9628822638458787,-67.91408997298672,0
11.155161198079714,1.968254135941411,-67.91408997298672,0
11.152991269270029,1.9724817297905937,-67.91408997298672,0
11.147528829285337,1.9695229221683639,-67.91408997298672,0
11.13449719213729,1.9688202017569103,-67.91408997298672,0
11.125285359299674,1.9655007600369985,-67.91408997298672,0
11.117411379846017,1.9762498272669973,-67.91408997298672,0
11.110897093542023,1.983244399024048,-67.91408997298672,0
11.111798359415099,1.9819738463891747,-67.91408997298672,0
11.12339876300797,1.984174097752679,-67.91408997298672,0
11.135350384979679,1.9772344180675903,-67.91408997298672,0
11.149164068802467,1.9719322780684077,-67.91408997298672,0
11.162565722546908,1.9818899010929778,-67.91408997298672,0
11.172361365859288,1.9974593308068622,-67.91408997298672,0
11.167164874518782,2.010110611056894,-67.91408997298672,0
11.1561627803455,2.0035345001428913,-67.91408997298672,0
11.146158837797813,1.992296963839981,-67.91408997298672,0
11.135613338189994,1.9872100587606676,-67.91408997298672,0
11.114250146437767,1.9762816815635447,-67.91408997298672,0
11.104956520607965,1.9721195144698038,-67.91408997298672,0
11.112397096116053,1.975944794425757,-67.91408997298672,0
11.1194668422081,1.9843890887175408,-67.91408997298672,0
11.121428246481774,1.9737284163332778,-67.91408997298672,0
11.123752596849743,1.959512021291371,-67.91408997298672,0
11.125536906962356,1.9438364646647013,-67.91408997298672,0
11.12278480371435,1.9320370126749642,-67.91408997298672,0
11.120652416789863,1.9268466705692235,-67.91408997298672,0
11.114917828913546,1.9305417597224168,-67.91408997298672,0
11.105207616199266,1.938813707080632,-67.91408997298672,0
11.101075661305902,1.955259622726822,-67.91408997298672,0
11.104616610228321,1.9635307551366834,-67.91408997298672,0
11.107862523159364,1.9775525421325213,-67.91408997298672,0
11.108641742477424,1.9794150090307614,-67.91408997298672,0
11.115480959508467,1.997844308067115,-67.91408997298672,0
11.122714354578898,2.0156425580553554,-67.91408997298672,0
11.12928354100779,2.0137740281413454,-67.91408997298672,0
11.134563213242563,2.01006188303674,-67.91408997298672,0
11.133976869638632,2.0034095450752543,-67.91408997298672,0
11.135502810046141,1.991487556026669,-67.91408997298672,0
11.131918277453774,1.9834611072547152,-67.91408997298672,0
11.134422971150778,1.973878381712693,-67.91408997298672,0
11.13230189118727,1.9702917169506509,-67.91408997298672,0
11.124733535889792,1.9736426372148306,-67.91408997298672,0
11.119423164871796,1.961461740536998,-67.91408997298672,0
11.118134119568694,1.9579361464766785,-67.91408997298672,0
11.114084984514331,1.9533016236402598,-67.91408997298672,0
11.11650602860182,1.9548242782436303,-67.91408997298672,0
11.120008399918488,1.9649052794403405,-67.91408997298672,0
11.1181132889655,1.975842101099789,-67.91408997298672,0
11.121966144054364,1.979182764893054,-67.91408997298672,0
11.12747959948889,1.9830119383977136,-67.91408997298672,0
11.137613774379494,1.9931904852120228,-67.91408997298672,0
11.14395660788734,1.9841121618026145,-67.91408997298672,0
11.144110793757779,1.985491221142915,-67.91408997298672,0
11.138393347972746,1.9768280483661846,-67.91408997298672,0
11.137494248535303,1.964936349926452,-67.91408997298672,0
11.134308744341467,1.9646723026298867,-67.91408997298672,0
11.133018309717306,1.9688894087539677,-67.91408997298672,0
11.126369285392467,1.9672598930254253,-67.91408997298672,0
11.11855792748117,1.9564044325895782,-67.91408997298672,0
11.102262824526838,1.9401768005105318,-67.91408997298672,0
11.097595196939341,1.942541987240016,-67.91408997298672,0
11.091681653433316,1.949461505700396,-67.91408997298672,0
11.096417553355103,1.9641675812294517,-67.91408997298672,0
11.102149341970176,1.9661353471849181,-67.91408997298672,0
11.11406354375011,1.9742554956906446,-67.91408997298672,0
11.126900121786072,1.981262062825958,-67.91408997298672,0
11.13790344681656,1.9918942386775305,-67.91408997298672,0
11.144551840362562,1.9985098419296232,-67.91408997298672,0
11.139771124749942,1.9995212731269392,-67.91408997298672,0
11.137934096443079,2.00592818386017,-67.91408997298672,0
11.145456740796813,2.01271419420632,-67.91408997298672,0
11.144767941764464,2.0159890660749604,-67.91408997298672,0
11.14038323256408,2.0049112408267957,-67.91408997298672,0
11.136780294988752,1.9889023235095702,-67.91408997298672,0
11.134273851529718,1.9628959270138278,-67.91408997298672,0
11.12397993159569,1.9520262513760194,-67.91408997298672,0
11.107462732040014,1.9439431075911253,-67.91408997298672,0
11.094159532201333,1.9204371090171284,-67.91408997298672,0
11.08868312069446,1.9324099916114665,-67.91408997298672,0
11.088021305128656,1.9338564539688845,-67.91408997298672,0
11.093340899712716,1.9490548253689244,-67.91408997298672,0
11.093676609238772,1.9615567574600585,-67.91408997298672,0
11.105215145411885,1.968178350107737,-67.91408997298672,0
11.111325255973465,1.9798925890916408,-67.91408997298672,0
11.117895484066153,1.9894215976111815,-67.91408997298672,0
11.117741889784368,2.0043752481591177,-67.91408997298672,0
11.117844291901662,2.0065709508114167,-67.91408997298672,0
11.116215500164246,2.0012239887490235,-67.91408997298672,0
11.117303370748726,2.00852025499582,-67.91408997298672,0
11.111821150808762,1.9954499563002814,-67.91408997298672,0
11.103980301250617,1.9737792528196183,-67.91408997298672,0
11.096637889558567,1.9686390346358158,-67.91408997298672,0
11.09254029754285,1.9653024537941575,-67.91408997298672,0
11.096204649938741,1.9510989945013621,-67.91408997298672,0
11.096616321791775,1.9471042980023165,-67.91408997298672,0
11.093720539868903,1.9447414709077264,-67.91408997298672,0
11.099342802523017,1.9593327385002863,-67.91408997298672,0
11.097028494083471,1.9656301536870369,-67.91408997298672,0
11.097796992543357,1.9777403035009355,-67.91408997298672,0
11.114096794817808,1.988100435602612,-67.91408997298672,0
11.121512236639978,1.9928092010030674,-67.91408997298672,0
11.127512862763776,1.9922121623227307,-67.91408997298672,0
11.12776062578102,1.9875649235784174,-67.91408997298672,0
11.119685902792481,1.9806442108361784,-67.91408997298672,0
11.112274268646784,1.9715431748652361,-67.91408997298672,0
11.11090250554703,1.9710352233613282,-67.91408997298672,0
11.112383122905351,1.9629944652321258,-67.91408997298672,0
11.114752295646067,1.9611755573598317,-67.91408997298672,0
11.112352310368259,1.950334344362638,-67.91408997298672,0
11.116679372536655,1.9397409741754865,-67.91408997298672,0
11.127990366338471,1.9407741049944207,-67.91408997298672,0
11.13445954425432,1.9483747659531623,-67.91408997298672,0
11.132405153612297,1.954869560952523,-67.91408997298672,0
11.132700059608265,1.9642522662903423,-67.91408997298672,0
11.136610225938588,1.9756796111569865,-67.91408997298672,0
11.135035657045695,1.9875941179790537,-67.91408997298672,0
11.135606860252476,2.0019460456454667,-67.91408997298672,0
11.128778549822577,2.0059393508491294,-67.91408997298672,0
11.12252724776749,2.0217681330780084,-67.91408997298672,0
11.112623155564227,2.0151243671161625,-67.91408997298672,0
11.103037894911312,2.0192296000859824,-67.91408997298672,0
11.102647608467421,2.008359685128698,-67.91408997298672,0
11.106382272411048,2.001794221266635,-67.91408997298672,0
11.10952623777749,2.0013170332898267,-67.91408997298672,0
11.11188023984391,1.9959081004091486,-67.91408997298672,0
11.112012635044715,1.9983880514832593,-67.91408997298672,0
11.11813295849371,2.009567966662979,-67.91408997298672,0
11.126438243505323,2.0119629280462936,-67.91408997298672,0
11.128730269431689,2.0117413952294525,-67.91408997298672,0
11.137631402380968,2.0023765197923553,-67.91408997298672,0
11.149860666067907,2.0074891463946414,-67.91408997298672,0
11.153660775384175,2.003212146077005,-67.91408997298672,0
11.158162054669829,1.9940551520971324,-67.91408997298672,0
11.156026709630826,1.9773383056922826,-67.91408997298672,0
11.15001089476777,1.9732628990331798,-67.91408997298672,0
11.143826141403254,1.969130762323296,-67.91408997298672,0
11.140111923887853,1.9770616119394888,-67.91408997298672,0
11.135954316566691,1.970900742059631,-67.91408997298672,0
11.135757228141403,1.9648030316049887,-67.91408997298672,0
11.133858574786691,1.95366092425563,-67.91408997298672,0
11.132591559208503,1.9504121620246406,-67.91408997298672,0
11.13617159263172,1.9595774488097173,-67.91408997298672,0
11.14044046901448,1.9828729073367173,-67.91408997298672,0
11.146816547033298,2.001321638966202,-67.91408997298672,0
11.14705621946337,2.0149504910355507,-67.91408997298672,0
11.145232239668653,2.029086840403131,-67.91408997298672,0
11.14697662651826,2.0300430069104807,-67.91408997298672,0
11.14801295615377,2.0162948928178857,-67.91408997298672,0
11.152660056535845,2.0105803041158516,-67.91408997298672,0
11.151827077820963,1.9891428270756213,-67.91408997298672,0
11.141681788038815,1.977700081488131,-67.91408997298672,0
11.146495049907744,1.975769919259715,-67.91408997298672,0
11.14746032917279,1.9718620034895424,-67.91408997298672,0
11.157009062901565,1.9749623802233691,-67.91408997298672,0
11.16008660794995,1.96999449839612,-67.91408997298672,0
11.158431422069535,1.9596827237936945,-67.91408997298672,0
11.152479666401566,1.9570466833394835,-67.91408997298672,0
11.151353621476838,1.9418710434025035,-67.91408997298672,0
11.145881838408556,1.9385475678934039,-67.91408997298672,0
11.142180627451527,1.9475345247298037,-67.91408997298672,0
11.139121762433946,1.9644692297384174,-67.91408997298672,0
11.141089040280422,1.9788070441386927,-67.91408997298672,0
11.133146863692835,1.9935586602364113,-67.91408997298672,0
11.13090109492789,2.0017163140142102,-67.91408997298672,0
11.129798533829986,2.004224629633626,-67.91408997298672,0
11.130629797467954,1.9841166638892864,-67.91408997298672,0
11.128253295606953,1.9823880853666074,-67.91408997298672,0
11.133543399161542,1.9837476738549686,-67.91408997298672,0
11.132701354851672,1.9780403084218554,-67.91408997298672,0
11.118702582428721,1.968785120316138,-67.91408997298672,0
11.11244249474654,1.9553774074557955,-67.91408997298672,0
11.116249868141894,1.9446391581047526,-67.91408997298672,0
11.113746736359117,1.940010781818164,-67.91408997298672,0
11.116136299066936,1.931262657743298,-67.91408997298672,0
11.117334207655448,1.932380913002898,-67.91408997298672,0
11.119645649194698,1.9300568469305728,-67.91408997298672,0
11.115791813098795,1.9214138580232158,-67.91408997298672,0
11.119236604584126,1.9234498363523649,-67.91408997298672,0
11.120866465115178,1.938607716846949,-67.91408997298672,0
11.12213815331414,1.9495248440387807,-67.91408997298672,0
11.119729115754996,1.959984698760192,-67.91408997298672,0
11.11323540675133,1.9702872165283527,-67.91408997298672,0
11.11378733288396,1.98328395723252,-67.91408997298672,0
11.117098402898186,1.9824134935670426,-67.91408997298672,0
11.12025272861532,1.9824919575441826,-67.91408997298672,0
11.12446116109687,1.98117718711377,-67.91408997298672,0
11.12461043179909,1.9814507778978492,-67.91408997298672,0
11.125342082466268,1.981636397197188,-67.91408997298672,0
11.119922129941516,1.985870605507776,-67.91408997298672,0
11.107099958172325,1.9702648111642391,-67.91408997298672,0
11.102573663331459,1.9610375455901268,-67.91408997298672,0
11.093950712814735,1.9536177098997214,-67.91408997298672,0
11.102635679917004,1.9552867676873837,-67.91408997298672,0
11.11670434993644,1.9725970678166551,-67.91408997298672,0
11.129436369089351,1.9791435595832296,-67.91408997298672,0
11.140320094231631,1.9784930754655972,-67.91408997298672,0
11.138653275589185,1.9683316498603736,-67.91408997298672,0
11.131362720187349,1.9580366568408127,-67.91408997298672,0
11.130870828811968,1.955526199485456,-67.91408997298672,0
11.13121358677104,1.9581160022444706,-67.91408997298672,0
11.137316595107855,1.961904446113578,-67.91408997298672,0
11.134573213852628,1.962702383100632,-67.91408997298672,0
11.137302674907497,1.967669302355693,-67.91408997298672,0
11.133503099669408,1.971417265414437,-67.91408997298672,0
11.13468689976226,1.9621440789468463,-67.91408997298672,0
11.129668695718673,1.965959655567809,-67.91408997298672,0
11.125347765461257,1.963492676561958,-67.91408997298672,0
11.12446218189346,1.9636348546399205,-67.91408997298672,0
11.125108784649681,1.9662330207905534,-67.91408997298672,0
11.128252507973114,1.971800709055609,-67.91408997298672,0
11.132014571789515,1.9677433325429046,-67.91408997298672,0
11.134418976927329,1.9642985524014482,-67.91408997298672,0
11.136214125877322,1.9655310899538332,-67.91408997298672,0
11.132062181025784,1.9642026942045323,-67.91408997298672,0
11.132415369010406,1.9660489919244548,-67.91408997298672,0
11.128502789781555,1.9704019172114036,-67.91408997298672,0
11.127779851118836,1.970248660715579,-67.91408997298672,0
11.127539478753311,1.9728598339303167,-67.91408997298672,0
11.122664574138165,1.975937223159911,-67.91408997298672,0
11.12364686358265,1.9745541587092834,-67.91408997298672,0
11.12143587021385,1.9630251547633064,-67.91408997298672,0
11.117089789350208,1.9631731447623804,-67.91408997298672,0
11.108932470269814,1.9629410915500396,-67.91408997298672,0
11.1061557099806,1.9633179082897774,-67.91408997298672,0
11.10618114934707,1.9706438003549795,-67.91408997298672,0
11.115846798911715,1.9836940767232352,-67.91408997298672,0
11.123360202641049,1.9774442279223914,-67.91408997298672,0
11.132309279092906,1.9795121173183583,-67.91408997298672,0
11.143196478464544,1.9714254212711335,-67.91408997298672,0
11.15284615970675,1.9622228924949099,-67.91408997298672,0
11.14789601488128,1.9491081072088443,-67.91408997298672,0
11.14461308970712,1.936636373621722,-67.91408997298672,0
11.137815382075527,1.9313062652428485,-67.91408997298672,0
11.132770677796204,1.9249304752105652,-67.91408997298672,0
11.126404369095752,1.9254827060233848,-67.91408997298672,0
11.115808633657014,1.9323182699637311,-67.91408997298672,0
11.106109403484067,1.9363117543202797,-67.91408997298672,0
11.106268503749474,1.9402487160445254,-67.91408997298672,0
11.10894464656624,1.9301685270788493,-67.91408997298672,0
11.117777219375464,1.9345689201895784,-67.91408997298672,0
11.131019475562258,1.939596862851005,-67.91408997298672,0
11.134631684038512,1.9476274640926146,-67.91408997298672,0
11.136419310410906,1.9411028805145132,-67.91408997298672,0
11.136902790639006,1.9335785009251076,-67.91408997298672,0
11.141667421156052,1.9348629100745542,-67.91408997298672,0
11.14703827294729,1.937959331479655,-67.91408997298672,0
11.15403192649039,1.9397154624790036,-67.91408997298672,0
11.153823157594756,1.955115533136914,-67.91408997298672,0
11.147714188758988,1.969121514936035,-67.91408997298672,0
11.139604543358923,1.9761116779786756,-67.91408997298672,0
11.139102904793956,1.9860052984877776,-67.91408997298672,0
11.134909437846703,1.9798289481274123,-67.91408997298672,0
11.133010026118248,1.9672781470061982,-67.91408997298672,0
11.128635943182827,1.9474917054506844,-67.91408997298672,0
11.130919406983384,1.9325824815598454,-67.91408997298672,0
11.141762154122434,1.9361957826230063,-67.91408997298672,0
11.151302247466463,1.9326022535958765,-67.91408997298672,0
11.150143712745182,1.9183920045536684,-67.91408997298672,0
11.147821192149372,1.9203632276366083,-67.91408997298672,0
11.144843355474443,1.9079140101551395,-67.91408997298672,0
11.141404008414623,1.920061932453436,-67.91408997298672,0
11.143971248901432,1.928178974386388,-67.91408997298672,0
11.143652730813868,1.945653724105895,-67.91408997298672,0
11.140679569060584,1.962001734790062,-67.91408997298672,0
11.135273736198405,1.963681030089886,-67.91408997298672,0
11.140678347386128,1.9714135575504812,-67.91408997298672,0
11.145049128673879,1.9769302658076526,-67.91408997298672,0
11.160670100849206,1.9917527119499778,-67.91408997298672,0
11.165752658744447,2.0012702592687543,-67.91408997298672,0
11.165446402964431,1.9974002564754119,-67.91408997298672,0
11.162161278567593,1.9884236081087663,-67.91408997298672,0
11.150160410405148,1.9854248057331494,-67.91408997298672,0
11.133683261742501,1.99583964319153,-67.91408997298672,0
11.120108761527845,1.9888325395656732,-67.91408997298672,0
11.11463970364583,1.9743974144412166,-67.91408997298672,0
11.10992160958163,1.959721286608141,-67.91408997298672,0
11.10856219340867,1.959062982769831,-67.91408997298672,0
